SV_Type,Genotype,Spans_Left_Breakpoint,Spans_Right_Breakpoint,Clipped_By_Breakpoint,Mismatched_Over_SV,Coverage_Diff,Splitters,Reference_Splitters
DEL,1/1,0,0,45,0,1.1162790697674418,25,0
DEL,0/1,11,12,11,0,0.8421052631578947,6,0
DEL,0/1,14,12,22,0,0.0,13,0
DEL,0/1,14,14,20,0,0.0,11,0
DEL,0/1,12,14,22,0,0.9176470588235294,14,0
DEL,0/1,16,25,24,0,0.989247311827957,11,10
DEL,0/1,13,28,30,0,0.9591836734693877,16,15
DUP,0/0,23,27,2,0,1.2564102564102564,0,0
DEL,0/1,11,9,20,0,1.0555555555555556,12,0
DEL,0/1,11,8,14,0,0.7674418604651163,8,0
DEL,0/1,14,14,5,0,1.0416666666666667,3,5
DEL,0/1,20,0,31,0,1.0,19,17
DEL,1/1,0,0,47,0,0.18,25,0
DEL,1/1,0,1,58,0,1.0,35,0
DEL,1/1,0,0,43,0,0.0,26,0
DEL,1/1,1,5,34,10,0.024096385542168676,17,2
DUP,0/0,38,26,0,0,1.0,0,0
DEL,0/1,15,13,26,1,1.069767441860465,12,0
DEL,0/1,8,8,16,0,0.8426966292134831,10,0
DEL,0/1,15,18,22,0,1.0714285714285714,14,0
DEL,0/1,20,13,39,0,0.9795918367346939,22,33
DEL,1/1,0,0,37,0,0.15555555555555556,22,0
DEL,1/1,0,0,3,16,0.02702702702702703,1,0
DUP,0/0,35,31,0,0,1.0,0,0
DEL,0/1,26,13,20,0,1.0864197530864197,11,10
DEL,1/1,0,1,35,4,0.1276595744680851,18,0
DEL,0/1,17,11,25,0,1.0,15,0
DEL,0/1,8,10,15,0,0.7727272727272727,10,0
DEL,1/1,0,0,59,0,0.045454545454545456,30,0
DEL,1/1,0,0,59,0,0.05263157894736842,33,0
DEL,0/1,11,10,23,0,0.9375,11,0
DEL,0/1,11,10,29,0,1.0208333333333333,14,0
DEL,0/1,11,10,24,0,0.0,11,0
DEL,1/1,0,0,43,0,0.04081632653061224,25,0
DEL,0/1,14,14,17,0,1.0666666666666667,9,0
DEL,1/1,0,0,36,0,0.10638297872340426,20,0
DUP,0/0,31,30,0,0,1.0315789473684212,1,1
DEL,1/1,0,0,46,0,0.10869565217391304,27,0
DEL,1/1,0,0,55,0,0.047619047619047616,33,0
DEL,1/1,0,0,44,0,0.0,22,0
DEL,0/1,13,0,20,0,0.4943820224719101,11,0
DEL,1/1,0,0,36,0,0.041666666666666664,21,0
DEL,0/1,12,18,14,1,3.066666666666667,7,0
DEL,1/1,0,0,39,0,0.0,23,0
DEL,0/1,12,14,40,0,0.7303370786516854,20,0
DEL,1/1,0,0,49,0,0.0,30,0
DEL,0/1,21,0,43,0,1.0,23,21
DEL,1/1,0,0,55,0,0.044444444444444446,28,0
DEL,1/1,0,0,53,0,0.0,30,0
DEL,0/1,18,5,27,0,1.0,9,0
DEL,0/1,14,13,29,0,0.7613636363636364,17,0
DUP,0/1,24,8,16,0,1.0,15,10
DEL,1/1,0,0,41,0,0.0425531914893617,26,0
DEL,1/1,0,0,36,0,0.020833333333333332,24,0
DEL,1/1,0,0,47,0,0.0,24,0
DEL,1/1,0,0,49,0,0.0425531914893617,28,0
DEL,1/1,0,0,38,0,0.8,23,0
DEL,1/1,0,0,38,0,1.0,23,0
DEL,1/1,0,0,1,12,1.0,2,0
DEL,1/1,0,4,28,2,1.9791666666666667,16,0
DEL,0/1,11,11,19,0,0.041666666666666664,10,0
DEL,0/1,11,11,0,14,0.9052631578947369,1,0
DEL,0/1,13,16,25,0,0.20408163265306123,14,0
DEL,0/1,16,15,23,0,0.7578947368421053,12,1
DUP,0/0,30,30,0,0,0.0,0,0
DEL,0/1,14,16,35,0,0.8210526315789474,19,0
DEL,0/1,16,16,20,0,0.9659090909090909,8,0
DEL,1/1,0,0,25,2,1.0,14,0
DEL,0/1,12,11,31,0,0.6896551724137931,16,0
DEL,0/1,9,13,18,0,0.0,10,0
DEL,0/1,17,17,26,0,0.043478260869565216,13,0
DEL,0/1,4,2,27,0,1.2564102564102564,15,0
DEL,0/1,7,11,27,0,1.0,18,0
DEL,1/1,0,0,62,0,0.0,37,0
DEL,0/1,11,10,33,0,0.0,19,0
DEL,0/1,11,7,30,0,0.0,14,0
DEL,0/1,26,20,21,0,0.92,12,8
DEL,1/1,0,0,35,0,1.0,21,0
DEL,1/1,0,3,49,0,0.0,27,0
DEL,0/1,16,14,35,0,1.1136363636363635,18,28
DEL,0/1,10,12,15,0,1.0340909090909092,8,0
DEL,1/1,0,0,41,0,0.046511627906976744,23,0
DEL,0/1,19,0,30,3,0.041666666666666664,20,19
DEL,0/1,15,14,0,11,1.0,0,0
DEL,1/1,0,0,61,0,0.04,32,0
DEL,1/1,0,0,59,0,0.044444444444444446,37,0
DEL,0/1,11,13,23,0,1.1162790697674418,13,0
DEL,1/1,0,0,31,0,0.041666666666666664,19,0
DEL,0/1,13,12,29,0,1.0674157303370786,16,0
DEL,0/1,18,17,25,0,0.0,14,0
DEL,0/1,10,11,15,0,1.0434782608695652,10,0
DEL,0/1,12,14,33,0,1.0,15,0
DEL,1/1,0,0,16,5,0.0,8,0
DEL,1/1,0,1,60,0,0.14285714285714285,23,0
DEL,0/1,12,3,33,0,1.373134328358209,20,1
DEL,1/1,0,0,42,0,0.0,23,0
DEL,0/1,16,14,31,0,1.0217391304347827,18,0
DEL,1/1,0,0,50,0,0.045454545454545456,33,0
DEL,1/1,0,0,49,0,1.0465116279069768,25,0
DEL,1/1,0,0,51,0,0.0,28,0
DEL,0/0,20,17,1,0,0.9361702127659575,0,0
DEL,0/0,27,28,1,0,1.056338028169014,0,0
DEL,0/0,19,21,0,0,1.1363636363636365,0,0
DEL,0/0,33,36,1,0,0.9761904761904762,0,0
DEL,1/1,0,0,0,0,0,0,0
DEL,0/0,28,22,0,0,0.967032967032967,0,0
DEL,0/0,29,31,0,0,1.0212765957446808,0,0
DUP,0/0,23,20,0,0,1.0208333333333333,0,0
DEL,0/0,28,31,0,0,0.898876404494382,0,0
DEL,0/0,27,31,0,0,1.1363636363636365,0,0
DEL,0/0,26,25,1,0,0.9292929292929293,0,0
DEL,0/0,25,24,0,0,1.065934065934066,0,0
DEL,0/0,21,22,0,0,1.0,0,0
DEL,0/0,20,29,0,0,0.9791666666666666,0,0
DEL,0/0,35,36,0,0,1.0217391304347827,0,0
DEL,0/0,24,26,0,0,0.9042553191489362,0,0
DUP,0/0,31,33,1,0,1.0,0,0
DEL,0/0,26,22,0,0,1.0,0,0
DEL,0/0,35,36,0,0,1.0681818181818181,0,0
DEL,0/0,27,36,2,0,0.8536585365853658,0,0
DEL,0/0,32,34,0,0,1.0224719101123596,0,0
DEL,0/0,22,24,0,0,1.0689655172413792,0,0
DEL,0/0,22,22,0,0,1.03125,0,0
DUP,0/0,35,32,0,0,1.065934065934066,0,0
DEL,0/0,35,25,1,1,1.0,1,1
DEL,0/0,32,34,1,0,0.9795918367346939,0,0
DEL,0/0,23,23,1,0,0.86,0,0
DEL,0/0,32,35,0,0,0.9381443298969072,0,0
DEL,0/0,28,27,0,0,0.8235294117647058,0,0
DEL,0/0,22,24,0,0,0.7954545454545454,0,0
DEL,0/0,35,33,0,0,1.0425531914893618,0,0
DEL,0/0,27,32,0,0,1.0126582278481013,0,0
DEL,0/0,15,16,69,0,1.0,0,0
DEL,0/0,26,24,0,0,0.9263157894736842,0,0
DEL,0/0,33,25,0,0,0.8125,0,0
DEL,0/0,26,28,0,0,1.0106382978723405,0,0
DUP,0/0,21,20,0,0,1.0561797752808988,0,0
DEL,0/0,39,39,3,0,0.0,0,0
DEL,0/0,29,29,0,0,1.0108695652173914,0,0
DEL,0/0,29,29,5,1,0.9438202247191011,1,1
DEL,0/0,26,25,0,0,0.9578947368421052,0,0
DEL,0/0,19,16,0,0,0.9565217391304348,0,0
DEL,0/0,29,32,1,0,1.021505376344086,0,0
DEL,0/0,25,26,0,0,1.170731707317073,0,0
DEL,0/0,23,25,0,0,1.0919540229885059,0,0
DEL,0/0,29,29,1,0,0.8979591836734694,0,0
DEL,0/0,20,20,1,0,1.0470588235294118,2,0
DEL,0/0,33,35,0,0,1.1025641025641026,0,0
DEL,0/0,26,24,0,0,0.90625,0,0
DEL,0/0,27,27,0,0,1.0425531914893618,0,0
DEL,0/0,20,19,1,0,1.0222222222222221,1,0
DUP,0/0,19,23,1,0,0.9791666666666666,0,0
DEL,0/0,23,24,0,0,0.9381443298969072,0,0
DEL,0/0,31,32,0,0,1.032258064516129,0,0
DEL,0/0,19,30,7,0,0.9574468085106383,0,0
DEL,0/0,18,21,0,0,1.0,0,0
DEL,0/0,29,35,0,0,1.1219512195121952,0,0
DEL,0/0,25,28,0,0,1.4489795918367347,0,0
DEL,0/0,37,36,1,0,0.0,1,1
DEL,0/0,42,37,0,0,1.0617283950617284,0,0
DEL,0/0,22,22,1,0,0.9310344827586207,0,0
DEL,0/0,34,34,1,0,0.9885057471264368,0,0
DEL,0/0,27,26,1,0,0.9761904761904762,0,0
DEL,0/0,38,39,2,0,0.9375,0,0
DUP,0/0,22,22,0,0,0.967391304347826,0,0
DEL,0/0,44,47,1,0,1.5535714285714286,0,0
DEL,0/0,23,26,2,0,0.5869565217391305,0,0
DEL,0/0,32,26,2,3,1.1111111111111112,0,0
DEL,0/0,30,32,0,0,0.9354838709677419,0,0
DEL,0/0,21,21,2,0,1.0,1,0
DEL,0/0,33,33,0,0,1.123456790123457,0,0
DEL,0/0,22,22,0,0,1.0930232558139534,0,0
DEL,0/0,34,29,0,0,0.9791666666666666,0,0
DEL,0/0,23,25,0,0,0.0,0,0
DEL,0/0,22,22,1,0,0.8556701030927835,0,0
DEL,0/0,21,20,0,0,1.010752688172043,0,0
DEL,0/0,29,32,1,0,1.108433734939759,0,0
DEL,0/0,30,31,0,0,1.0930232558139534,0,0
DEL,0/0,22,27,0,0,1.0425531914893618,0,0
DEL,0/0,23,18,1,0,0.9578947368421052,0,0
DEL,0/0,19,18,1,0,1.0481927710843373,0,0
DEL,0/0,27,26,0,0,1.0,0,0
DEL,0/0,13,13,0,0,0.975609756097561,0,0
DEL,0/0,26,26,1,0,0.0,0,0
DEL,0/0,23,26,0,0,1.0357142857142858,0,0
DEL,0/0,26,23,2,0,0.968421052631579,1,1
DEL,0/0,25,22,1,0,0.9894736842105263,0,0
DEL,0/0,33,34,0,0,1.0108695652173914,0,0
DEL,0/0,32,28,0,0,0.9894736842105263,0,0
DEL,0/0,11,17,1,0,1.010752688172043,0,0
DEL,0/0,21,23,1,0,1.1022727272727273,0,0
DEL,0/0,30,24,1,0,1.0555555555555556,0,0
DEL,0/0,30,27,0,0,1.0740740740740742,0,0
DEL,0/0,31,33,1,1,1.0421052631578946,1,2
DEL,0/0,25,26,0,0,1.069767441860465,0,0
DEL,0/0,27,24,2,0,1.0,0,0
DEL,0/0,33,32,0,0,1.0681818181818181,0,0
DEL,0/0,36,37,0,0,1.0632911392405062,0,0
DEL,0/0,27,26,1,1,1.0,1,1
DEL,0/0,23,22,0,0,0.9438202247191011,0,0
