chrom,svtype,left_pos,right_pos,left_breakpoint_spanners,right_breakpoint_spanners,avg_coverage_diff,right_clippers,left_clippers,mismatched_over_sv,ref_bases_covered_left_possible,ref_bases_covered_left_actual,ref_bases_covered_right_possible,ref_bases_covered_right_actual,ref_avg_base_coverage,ref_coverage_pct,alt_bases_covered_possible,alt_bases_covered_actual,alt_avg_base_coverage,alt_coverage_pct,left_splitters,right_splitters,splitter_spanners,pred_genotype
1,DEL,869422,870270,0.0,0.0,1.4714531304177745,22.0,22.0,27.0,20,472.0,20,457.0,23.225,0.8601851851851852,465,37.0,0.07956989247311828,0.07956989247311828,25.0,0.0,0.0,1/1
1,DEL,2566175,2566584,10.0,10.0,3.4138779803853216,5.0,5.0,0.0,20,323.0,20,303.0,15.649999999999999,0.8458333333333333,1,10.0,10.0,0.8333333333333334,6.0,0.0,10.0,0/1
1,DEL,2911548,2911852,14.0,12.0,0.3539313176854422,11.0,11.0,12.0,20,536.0,20,556.0,27.3,0.8950537634408602,251,3668.0,14.613545816733067,0.8118636564851704,13.0,0.0,15.0,0/1
1,DEL,2919034,2919368,14.0,14.0,0.4135588998899686,9.0,11.0,11.0,20,543.0,20,437.0,24.5,0.8882957559681698,274,3515.0,12.828467153284672,0.7546157148990983,11.0,0.0,14.0,0/1
1,DEL,7570070,7571528,12.0,14.0,0.3711727227345513,11.0,11.0,14.0,20,475.0,20,542.0,25.425,0.8938275434243176,1398,17807.0,12.737482117310444,0.7960926323319027,14.0,0.0,16.0,0/1
1,DEL,9595625,9597664,15.0,13.0,3.7618533165419663,10.0,13.0,15.0,20,557.0,20,514.0,26.775,0.8922969966629588,1333,17007.0,12.758439609902476,0.7088022005501375,11.0,0.0,18.0,0/1
1,DEL,10482506,10483763,13.0,12.0,2.761304608369456,14.0,15.0,20.0,20,534.0,20,542.0,26.9,0.8966666666666667,658,7781.0,11.825227963525835,0.8446591402518454,16.0,0.0,14.0,0/1
1,DUP,11051247,11054639,22.0,26.0,0.6031390322952791,2.0,0.0,0.0,20,255.0,20,532.0,19.675,0.6578394396551723,3332,106069.0,31.83343337334934,0.5684541673812382,0.0,0.0,41.0,0/0
1,DEL,11682893,11683191,11.0,9.0,0.3838706930838939,11.0,9.0,12.0,20,432.0,20,464.0,22.4,0.9157190635451505,238,2520.0,10.588235294117647,0.7563025210084033,12.0,0.0,11.0,0/1
1,DEL,16151933,16155441,10.0,11.0,3.145561014769059,6.0,7.0,10.0,20,300.0,20,366.0,16.65,0.92625,2806,39434.0,14.053456878118318,0.5855607032549299,8.0,0.0,15.0,0/1
1,DEL,19151831,19152243,10.0,9.0,6.121546737669426,4.0,8.0,0.0,20,486.0,20,538.0,25.6,0.8983333333333333,1,20.0,20.0,0.6060606060606061,3.0,0.0,11.0,0/0
1,DEL,20931958,20932715,0.0,0.0,1.682595670947087,16.0,14.0,23.0,20,408.0,20,359.0,19.174999999999997,0.9360047846889952,91,0.0,0,0,19.0,0.0,0.0,1/1
1,DEL,21786420,21786692,0.0,0.0,0.05598733734098791,22.0,25.0,0.0,20,396.0,20,422.0,20.450000000000003,0.8524347826086957,230,0.0,0,0,25.0,0.0,0.0,1/1
1,DEL,25158703,25161511,0.0,1.0,0.24876831258813886,32.0,26.0,0.0,20,655.0,20,681.0,33.4,0.9154842342342342,2757,9719.0,3.525208560029017,0.2518006114306441,35.0,0.0,1.0,1/1
1,DEL,26489823,26490140,0.0,0.0,0.09242521959262262,20.0,23.0,0.0,20,350.0,20,463.0,20.325,0.7932870370370371,266,0.0,0,0,26.0,0.0,0.0,1/1
1,DEL,28247807,28248110,1.0,5.0,0.2571827400832037,17.0,17.0,10.0,20,552.0,20,560.0,27.8,0.8556818181818182,260,1455.0,5.596153846153846,0.34975961538461536,17.0,0.0,6.0,0/1
1,DUP,31124340,31124726,25.0,25.0,0.24665539129128813,0.0,0.0,0.0,20,441.0,20,503.0,23.6,0.857659151193634,326,14160.0,43.43558282208589,0.8864404657568549,0.0,0.0,41.0,0/0
1,DEL,31575080,31577311,15.0,13.0,2.7089864207309735,13.0,13.0,17.0,20,485.0,20,412.0,22.425,0.8450357142857143,1716,21848.0,12.731934731934732,0.6701018279965648,12.0,0.0,18.0,0/1
1,DEL,58343223,58343537,8.0,8.0,0.33983941277249613,10.0,6.0,5.0,20,347.0,20,370.0,17.925,0.9190789473684211,261,2084.0,7.984674329501916,0.887186036611324,10.0,0.0,9.0,0/1
1,DEL,35101421,35111978,15.0,18.0,0.5322945540307455,10.0,12.0,8.0,20,543.0,20,577.0,28.0,0.8896212121212121,10497,136185.0,12.973706773363817,0.36038074370455053,14.0,0.0,28.0,0/1
1,DEL,35627081,35627461,0.0,0.0,3.327947047030502,19.0,19.0,0.0,20,538.0,20,521.0,26.475,0.9289716748768473,1,16.0,16.0,0.7272727272727273,22.0,0.0,0.0,1/1
1,DEL,37816473,37816724,0.0,0.0,0.12812768141082226,17.0,20.0,0.0,20,370.0,20,395.0,19.125,0.8893398268398268,198,0.0,0,0,22.0,0.0,0.0,1/1
1,DEL,38077349,38077422,0.0,0.0,0.18428445424438591,1.0,2.0,17.0,20,428.0,20,398.0,20.65,0.8425833333333334,13,12.0,0.9230769230769231,0.038461538461538464,1.0,0.0,0.0,1/1
1,DUP,39970027,39970500,25.0,24.0,0.2169903321215515,0.0,0.0,0.0,20,494.0,20,446.0,23.5,0.8870714285714285,413,13182.0,31.91767554479419,0.8866020984665053,0.0,0.0,34.0,0/0
1,DEL,39998256,40001250,17.0,13.0,3.189230323374025,7.0,11.0,12.0,20,499.0,20,381.0,22.0,0.8784902597402597,2447,32340.0,13.21618308132407,0.42632848649432487,9.0,2.0,22.0,0/1
1,DEL,42743158,42743494,0.0,1.0,0.972566045596608,20.0,16.0,0.0,20,467.0,20,384.0,21.275,0.9033636363636364,1,2.0,2.0,0.3333333333333333,19.0,0.0,1.0,1/1
1,DEL,43857470,43857793,17.0,11.0,0.29754614009207314,13.0,12.0,16.0,20,570.0,20,537.0,27.675,0.8666176470588236,271,3803.0,14.033210332103321,0.7796227962279623,15.0,0.0,17.0,0/1
1,DEL,45417604,45417936,9.0,9.0,4.3238826785179505,8.0,5.0,0.0,20,403.0,20,421.0,20.6,0.8765851449275363,1,12.0,12.0,1.0,10.0,0.0,9.0,0/1
1,DEL,46207295,46207600,0.0,0.0,0.06425452971531095,31.0,28.0,0.0,20,566.0,20,527.0,27.325000000000003,0.883098223615465,264,0.0,0,0,30.0,0.0,0.0,1/1
1,DEL,46366125,46366438,0.0,0.0,0.09189532833409475,31.0,28.0,30.0,20,674.0,20,570.0,31.1,0.887173202614379,261,5.0,0.019157088122605363,0.019157088122605363,33.0,0.0,0.0,1/1
1,DEL,53594099,53594950,11.0,10.0,0.3401049504090545,13.0,10.0,13.0,20,482.0,20,398.0,22.0,0.9157342657342658,805,7956.0,9.883229813664597,0.8236024844720496,11.0,0.0,11.0,0/1
1,DEL,53594099,53595605,11.0,10.0,2.339386928196808,11.0,24.0,15.0,20,472.0,20,445.0,22.925,0.8988461538461539,604,7998.0,13.241721854304636,0.5517384105960265,14.0,0.0,13.0,0/1
1,DEL,53595128,53595605,11.0,10.0,0.3465625892766391,8.0,16.0,9.0,20,423.0,20,429.0,21.299999999999997,0.869625,425,4504.0,10.59764705882353,0.8152036199095023,11.0,0.0,13.0,0/1
1,DEL,56401293,56401605,0.0,0.0,0.03036566084828128,21.0,22.0,0.0,20,397.0,20,453.0,21.25,0.8500000000000001,269,0.0,0,0,25.0,0.0,0.0,1/1
1,DEL,56831124,56834963,14.0,14.0,0.4846085577265586,9.0,8.0,10.0,20,427.0,20,434.0,21.525,0.896875,3779,40417.0,10.695157449060599,0.4650068456113304,9.0,0.0,21.0,0/1
1,DEL,56887711,56888021,0.0,0.0,0.0940309937433721,17.0,19.0,16.0,20,324.0,20,342.0,16.65,0.8538157894736842,258,0.0,0,0,20.0,0.0,0.0,1/1
1,DUP,56996031,56996347,31.0,30.0,1.5167999201254818,0.0,0.0,0.0,20,620.0,20,564.0,29.6,0.8889189189189188,273,9528.0,34.9010989010989,0.8948999718230487,0.0,1.0,36.0,0/0
1,DEL,57242625,57242948,0.0,0.0,0.03373665307704788,24.0,22.0,20.0,20,456.0,20,476.0,23.3,0.8792022792022792,271,0.0,0,0,27.0,0.0,0.0,1/1
1,DEL,58743913,58744824,0.0,0.0,0.04445869037243205,30.0,25.0,31.0,20,612.0,20,492.0,27.6,0.8467741935483871,859,0.0,0,0,33.0,0.0,0.0,1/1
1,DEL,60048636,60049663,0.0,0.0,0.12376057217430861,23.0,21.0,21.0,20,426.0,20,377.0,20.075000000000003,0.8925595238095239,972,9.0,0.009259259259259259,0.009259259259259259,22.0,0.0,0.0,1/1
1,DEL,62390602,62390937,13.0,0.0,0.23738784101816357,10.0,10.0,9.0,20,420.0,20,492.0,22.8,0.9120772946859903,283,2821.0,9.968197879858657,0.7667844522968198,11.0,0.0,13.0,0/1
1,DEL,63151835,63152160,0.0,0.0,0.0645765587811718,19.0,17.0,0.0,20,370.0,20,323.0,17.325,0.8875,282,0.0,0,0,21.0,0.0,0.0,1/1
1,DEL,63705366,63708148,12.0,18.0,0.8347893631832786,7.0,7.0,7.0,20,397.0,20,492.0,22.225,0.9242132867132866,2730,47733.0,17.484615384615385,0.43711538461538463,7.0,0.0,21.0,0/0
1,DEL,66024188,66030269,0.0,0.0,0.33720346119862654,20.0,19.0,0.0,20,435.0,20,345.0,19.5,0.8457142857142856,6040,7904.0,1.3086092715231787,0.21810154525386313,23.0,0.0,0.0,1/1
1,DEL,66263921,66264320,13.0,13.0,2.7793568242310935,20.0,17.0,0.0,20,619.0,20,615.0,30.85,0.8569444444444445,1,7.0,7.0,0.4666666666666667,20.0,0.0,13.0,0/1
1,DEL,67201222,67201538,0.0,0.0,0.10311577817656846,23.0,26.0,19.0,20,509.0,20,516.0,25.625,0.8992918719211822,270,0.0,0,0,30.0,0.0,0.0,1/1
1,DEL,68007999,68008816,9.0,0.0,1.433815250069958,25.0,18.0,5.0,20,465.0,20,437.0,22.55,0.94,578,2489.0,4.306228373702422,0.18722732059575747,23.0,0.0,9.0,0/1
1,DEL,69807001,69807313,0.0,0.0,0.28389843797055525,28.0,25.0,0.0,20,543.0,20,481.0,25.6,0.8689367816091954,1,0.0,0,0,28.0,0.0,0.0,1/1
1,DEL,69943725,69944023,0.0,0.0,0.10850080037052502,26.0,27.0,0.0,20,478.0,20,569.0,26.174999999999997,0.8709399332591768,256,19.0,0.07421875,0.07421875,30.0,0.0,0.0,1/1
1,DEL,70027325,70027684,18.0,6.0,1.0943847910269993,13.0,14.0,10.0,20,543.0,20,704.0,31.175,0.8513636363636363,305,6666.0,21.85573770491803,0.6829918032786885,9.0,0.0,19.0,0/1
1,DEL,70768127,70768436,14.0,13.0,0.29623840907555804,15.0,14.0,12.0,20,535.0,20,499.0,25.85,0.8760057471264369,262,3211.0,12.255725190839694,0.8754089422028354,17.0,0.0,14.0,0/1
1,DUP,70911997,70912424,22.0,8.0,2.0613494012832225,4.0,12.0,1.0,20,501.0,20,453.0,23.85,0.9168888888888889,367,10656.0,29.03542234332425,0.784741144414169,2.0,13.0,23.0,0/1
1,DEL,70946205,70946522,0.0,0.0,0.054223050476265924,20.0,21.0,0.0,20,502.0,20,440.0,23.55,0.9057692307692308,275,0.0,0,0,26.0,0.0,0.0,1/1
1,DEL,71741332,71741631,0.0,0.0,0.1148176991014311,19.0,17.0,0.0,20,368.0,20,398.0,19.15,0.8507905138339921,258,0.0,0,0,24.0,0.0,0.0,1/1
1,DEL,72766324,72811841,0.0,0.0,0.057547276039714206,23.0,24.0,0.0,20,431.0,20,443.0,21.85,0.8919583333333334,45466,1471.0,0.03235384683059869,0.0046219781186569555,24.0,0.0,0.0,1/1
1,DEL,73753607,73753917,0.0,0.0,0.05061359190198888,25.0,24.0,26.0,20,515.0,20,528.0,26.075,0.9149938423645321,251,0.0,0,0,28.0,0.0,0.0,1/1
1,DEL,73768797,73769136,0.0,0.0,0.15054401863729816,17.0,21.0,21.0,20,394.0,20,390.0,19.6,0.8909090909090909,287,87.0,0.30313588850174217,0.050522648083623695,23.0,0.0,0.0,1/1
1,DEL,74312432,74312684,0.0,0.0,0.17884318516533165,18.0,20.0,0.0,20,312.0,20,414.0,18.15,0.8809808612440191,201,56.0,0.27860696517412936,0.27860696517412936,23.0,0.0,0.0,1/1
1,DEL,74755170,74755291,0.0,0.0,0.18333420681747195,0.0,1.0,15.0,20,387.0,20,382.0,19.225,0.8358695652173913,70,77.0,1.1,0.055,2.0,0.0,0.0,1/1
1,DEL,76011881,76012197,0.0,4.0,0.37413952009815404,15.0,13.0,21.0,20,392.0,20,422.0,20.35,0.90625,265,1170.0,4.415094339622642,0.6307277628032345,16.0,0.0,4.0,1/1
1,DEL,77100375,77100651,11.0,11.0,0.3726067275423459,8.0,10.0,10.0,20,408.0,20,403.0,20.275,0.8829545454545454,223,2411.0,10.811659192825113,0.9009715994020927,10.0,0.0,11.0,0/1
1,DEL,77240062,77240140,11.0,11.0,0.4695153951447807,0.0,0.0,14.0,20,572.0,20,530.0,27.55,0.9029569892473118,32,401.0,12.53125,0.40423387096774194,1.0,0.0,11.0,0/0
1,DEL,78649120,78654156,12.0,14.0,3.3721363240521045,13.0,12.0,19.0,20,551.0,20,513.0,26.6,0.8718548387096774,4221,54367.0,12.88012319355603,0.44414217908813897,14.0,0.0,19.0,0/1
1,DEL,79401527,79401832,16.0,15.0,0.37037495366334844,9.0,14.0,11.0,20,530.0,20,545.0,26.875,0.9267241379310345,252,3741.0,14.845238095238095,0.873249299719888,11.0,1.0,16.0,0/1
1,DUP,79650143,79650275,30.0,30.0,0.9707363171376251,0.0,0.0,0.0,20,586.0,20,580.0,29.15,0.9403225806451613,72,2055.0,28.541666666666668,0.9206989247311828,0.0,0.0,30.0,0/0
1,DEL,80114185,80114491,14.0,16.0,0.2808870342992565,19.0,16.0,11.0,20,671.0,20,635.0,32.65,0.8943506006006006,253,3586.0,14.173913043478262,0.8858695652173914,19.0,0.0,16.0,0/1
1,DEL,80221782,80223029,16.0,16.0,0.5049031779204801,7.0,13.0,6.0,20,420.0,20,539.0,23.975,0.8866666666666667,1187,18194.0,15.32771693344566,0.85153982963587,8.0,0.0,18.0,0/0
1,DEL,81404772,81410950,0.0,0.0,0.6031887318174901,12.0,13.0,2.0,20,223.0,20,256.0,11.975000000000001,0.885989010989011,6132,36570.0,5.963796477495108,0.165661013263753,14.0,0.0,0.0,1/1
1,DEL,81687796,81688115,12.0,11.0,0.250606084482991,15.0,16.0,11.0,20,510.0,20,486.0,24.9,0.9053571428571429,275,2981.0,10.84,0.8338461538461538,16.0,0.0,12.0,0/1
1,DEL,82963304,82963617,9.0,13.0,0.3552424918737981,9.0,9.0,8.0,20,365.0,20,451.0,20.4,0.85,260,3032.0,11.661538461538461,0.832967032967033,10.0,0.0,13.0,0/1
1,DEL,83042654,83042966,17.0,17.0,0.4178685159384403,14.0,12.0,4.0,20,592.0,20,498.0,27.25,0.8775,258,3893.0,15.089147286821705,0.8875968992248062,13.0,0.0,17.0,0/1
1,DEL,83125976,83127571,4.0,2.0,0.22046122874351803,14.0,13.0,12.0,20,315.0,20,360.0,16.875,0.8223214285714285,1543,8517.0,5.519766688269605,0.6133074098077339,15.0,0.0,5.0,0/1
1,DEL,84517939,84524631,7.0,11.0,0.5228664539803884,15.0,12.0,3.0,20,546.0,20,537.0,27.075000000000003,0.9032536151279199,6632,105194.0,15.86158021712907,0.3965395054282268,18.0,0.0,16.0,0/1
1,DEL,85748634,85748952,0.0,0.0,0.0255403281007922,32.0,30.0,34.0,20,705.0,20,666.0,34.275,0.9263157894736842,258,0.0,0,0,37.0,0.0,0.0,1/1
1,DEL,86405805,86406120,11.0,10.0,0.21405428552248434,17.0,16.0,17.0,20,544.0,20,568.0,27.799999999999997,0.9266666666666666,263,2486.0,9.452471482889734,0.8593155893536122,19.0,0.0,11.0,0/1
1,DEL,86740986,86741699,11.0,7.0,1.3249222159701664,15.0,15.0,9.0,20,446.0,20,373.0,20.475,0.8728937728937729,659,6831.0,10.365705614567526,0.7404075438976805,14.0,0.0,12.0,0/1
1,DEL,89475924,89478625,18.0,20.0,2.415379583053748,10.0,12.0,11.0,20,557.0,20,627.0,29.6,0.9251960784313726,2376,43281.0,18.21590909090909,0.6281347962382445,12.0,0.0,22.0,0/1
1,DEL,91624787,91625056,0.0,0.0,0.10936705558145353,21.0,14.0,19.0,20,381.0,20,359.0,18.5,0.9023214285714285,209,11.0,0.05263157894736842,0.05263157894736842,21.0,0.0,0.0,1/1
1,DEL,91914111,91914552,0.0,3.0,0.11999268833576947,25.0,24.0,0.0,20,404.0,20,624.0,25.7,0.798533724340176,390,1109.0,2.8435897435897437,0.7108974358974359,27.0,0.0,3.0,1/1
1,DEL,92134194,92134885,0.0,0.0,2.992851075112248,15.0,19.0,19.0,20,346.0,20,409.0,18.875,0.9200358851674642,1,0.0,0,0,18.0,0.0,0.0,1/1
1,DEL,92232063,92233335,10.0,12.0,0.5828927534773817,9.0,6.0,1.0,20,366.0,20,364.0,18.25,0.8908333333333334,1226,13388.0,10.920065252854812,0.5200031072788006,8.0,0.0,13.0,0/1
1,DEL,94288375,94291258,0.0,0.0,0.10336764665401711,20.0,21.0,16.0,20,385.0,20,383.0,19.2,0.9142857142857143,2831,150.0,0.05298481102084069,0.05298481102084069,23.0,0.0,0.0,1/1
1,DEL,95690524,95690831,19.0,0.0,0.6749532288018698,16.0,15.0,4.0,20,424.0,20,447.0,21.775,0.9474431818181819,256,4393.0,17.16015625,0.7800071022727273,20.0,0.0,19.0,0/1
1,DEL,99179944,99180051,15.0,14.0,0.5734811175919958,0.0,0.0,11.0,20,484.0,20,523.0,25.174999999999997,0.8991071428571429,47,665.0,14.148936170212766,0.5053191489361702,0.0,0.0,15.0,0/0
1,DEL,103047692,103048010,0.0,0.0,0.10057840168000969,31.0,30.0,0.0,20,588.0,20,537.0,28.125,0.8649857954545455,275,250.0,0.9090909090909091,0.9090909090909091,32.0,0.0,0.0,1/1
1,DEL,103096080,103096386,0.0,0.0,0.15738316541507907,28.0,31.0,29.0,20,658.0,20,634.0,32.3,0.8853228228228228,246,225.0,0.9146341463414634,0.9146341463414634,37.0,0.0,0.0,1/1
1,DEL,105218643,105219464,11.0,13.0,0.5033623583487254,12.0,11.0,9.0,20,439.0,20,423.0,21.549999999999997,0.8457307692307692,761,8606.0,11.30880420499343,0.6652237767643194,13.0,0.0,14.0,0/1
1,DEL,105428320,105428641,0.0,0.0,0.3144217820753902,15.0,16.0,0.0,20,368.0,20,316.0,17.1,0.8792105263157894,270,132.0,0.4888888888888889,0.02875816993464052,19.0,0.0,0.0,1/1
1,DEL,105866783,105867046,13.0,12.0,0.3673341305923037,16.0,13.0,2.0,20,557.0,20,539.0,27.4,0.9133333333333333,217,2607.0,12.013824884792626,0.8581303489137591,16.0,0.0,13.0,0/1
1,DEL,108402974,108405486,18.0,17.0,0.47424304185001886,13.0,11.0,16.0,20,648.0,20,601.0,31.225,0.9460018382352942,2452,40071.0,16.342169657422513,0.680923735725938,14.0,0.0,22.0,0/1
1,DEL,108733326,108737253,10.0,11.0,0.58471594338566,5.0,10.0,1.0,20,240.0,20,368.0,15.2,0.7181818181818181,3872,40865.0,10.553977272727273,0.5554724880382775,10.0,0.0,15.0,0/1
1,DEL,109573232,109575182,12.0,14.0,0.4618496955385491,17.0,16.0,14.0,20,539.0,20,446.0,24.625,0.7807711693548387,1897,29724.0,15.668950975224037,0.6267580390089615,15.0,0.0,19.0,0/1
1,DEL,109597727,109598042,0.0,0.0,0.37488799745234047,10.0,7.0,11.0,20,235.0,20,209.0,11.1,0.7691105769230769,255,542.0,2.1254901960784314,0.21254901960784314,8.0,0.0,0.0,1/1
1,DEL,112835105,112837667,0.0,1.0,0.1538714035099961,29.0,29.0,36.0,20,589.0,20,635.0,30.6,0.9270680147058823,2025,1865.0,0.9209876543209876,0.3069958847736626,23.0,0.0,1.0,1/1
1,DEL,114039830,114045843,11.0,9.0,3.104795345813518,18.0,14.0,21.0,20,576.0,20,37.0,15.325000000000001,0.6957661290322581,5566,78044.0,14.021559468199785,0.43817373338124327,20.0,0.0,16.0,0/1
1,DEL,115796902,115797174,0.0,0.0,0.03534408841959068,20.0,22.0,21.0,20,447.0,20,367.0,20.35,0.9029150197628459,220,0.0,0,0,23.0,0.0,0.0,1/1
1,DEL,116229486,116232842,15.0,14.0,0.41205968727763265,15.0,16.0,13.0,20,573.0,20,534.0,27.674999999999997,0.8792842741935484,3308,41662.0,12.594316807738815,0.5997293717970864,18.0,0.0,20.0,0/1
1,DEL,118091051,118091260,0.0,0.0,0.0857185058703347,26.0,24.0,27.0,20,601.0,20,493.0,27.35,0.8394924098671727,158,0.0,0,0,33.0,0.0,0.0,1/1
1,DEL,233962212,233963616,0.0,0.0,0.5674547985554544,22.0,27.0,29.0,20,473.0,20,560.0,25.825,0.9046296296296297,673,0.0,0,0,25.0,0.0,0.0,1/1
1,DEL,232423133,232423448,0.0,0.0,0.10103194893764769,25.0,26.0,25.0,20,526.0,20,432.0,23.950000000000003,0.8258620689655173,264,17.0,0.06439393939393939,0.06439393939393939,28.0,0.0,0.0,1/1
11,DEL,109474034,109474881,19.0,17.0,3.171070567235188,1.0,0.0,2.0,20,424.0,20,358.0,19.549999999999997,0.9528708133971292,464,8345.0,17.98491379310345,0.8174960815047022,0.0,0.0,21.0,0/0
10,DEL,87770600,87771008,27.0,27.0,5.560722464878795,1.0,0.0,0.0,20,289.0,20,530.0,20.475,0.682677801724138,1,26.0,26.0,0.8666666666666667,0.0,0.0,28.0,0/0
3,DEL,162702823,162703126,20.0,21.0,1.0432740134233167,0.0,0.0,0.0,20,366.0,20,418.0,19.6,0.8909090909090909,250,4855.0,19.42,0.8443478260869566,0.0,0.0,21.0,0/0
X,DEL,56528545,56528878,33.0,36.0,1.016065826271342,1.0,0.0,0.0,20,650.0,20,682.0,33.3,0.9250965250965251,273,9108.0,33.362637362637365,0.8779641411220359,0.0,0.0,36.0,0/0
Y,DEL,25706428,25707884,0.0,0.0,1.0,0.0,0.0,0.0,20,0.0,20,0.0,0.0,0.0,1396,0.0,0,0,0.0,0.0,0.0,0/1
2,DEL,28441627,28443665,27.0,19.0,5.919716021554813,1.0,0.0,2.0,20,526.0,20,427.0,23.825000000000003,0.9175787106446777,1332,30544.0,22.93093093093093,0.6744391450273803,0.0,0.0,30.0,0/0
20,DEL,24240932,24242188,29.0,31.0,5.366792448918299,1.0,0.0,4.0,20,577.0,20,581.0,28.950000000000003,0.9056695992179864,657,19651.0,29.910197869101978,0.8308388296972772,0.0,0.0,34.0,0/0
8,DUP,97138502,97141893,23.0,20.0,0.37755710302296125,0.0,0.0,0.0,20,436.0,20,383.0,20.475,0.9329166666666666,3331,66774.0,20.046232362653857,0.5727494960758245,0.0,0.0,32.0,0/0
8,DEL,5029254,5029551,28.0,31.0,0.8868855361175974,0.0,0.0,0.0,20,558.0,20,559.0,27.924999999999997,0.9008064516129033,237,6592.0,27.814345991561183,0.8972369674697155,0.0,0.0,31.0,0/0
15,DEL,58900317,58903821,27.0,30.0,5.51200425356492,0.0,1.0,3.0,20,526.0,20,620.0,28.65,0.9393398268398269,2802,76879.0,27.43718772305496,0.6380741330943014,0.0,1.0,39.0,0/0
7,DEL,21492854,21493265,23.0,24.0,6.229523653495864,1.0,0.0,0.0,20,542.0,20,503.0,26.125,0.9508952254641909,1,23.0,23.0,0.8214285714285714,0.0,0.0,24.0,0/0
11,DEL,120370733,120371489,25.0,24.0,5.392873159033552,0.0,1.0,5.0,20,543.0,20,442.0,24.625,0.8945000000000001,90,1980.0,22.0,0.8148148148148148,0.0,0.0,26.0,0/0
19,DEL,34852695,34852966,21.0,22.0,0.953709725264191,0.0,0.0,0.0,20,459.0,20,428.0,22.174999999999997,0.9242173913043479,229,4761.0,20.790393013100438,0.8662663755458515,0.0,0.0,23.0,0/0
18,DEL,49415000,49417807,20.0,29.0,1.0113955335931377,0.0,0.0,0.0,20,395.0,20,595.0,24.75,0.920995670995671,2756,63445.0,23.02068214804064,0.5231973215463781,0.0,0.0,38.0,0/0
12,DEL,64376078,64376394,35.0,36.0,1.0141125465820748,0.0,0.0,0.0,20,686.0,20,758.0,36.099999999999994,0.9501388888888889,265,9309.0,35.12830188679245,0.8567878508973769,0.0,0.0,37.0,0/0
6,DEL,111960640,111960942,24.0,26.0,0.9488415245256583,0.0,0.0,0.0,20,498.0,20,509.0,25.174999999999997,0.9501424501424501,259,5970.0,23.05019305019305,0.8537108537108538,0.0,0.0,26.0,0/0
2,DUP,226655390,226655740,30.0,31.0,0.177600350744372,1.0,0.0,0.0,20,577.0,20,619.0,29.9,0.9204696394686906,290,8407.0,28.989655172413794,0.8784743991640543,0.0,0.0,33.0,0/0
1,DEL,11912234,11914464,26.0,22.0,4.219396835731955,0.0,0.0,2.0,20,525.0,20,422.0,23.675,0.9083333333333333,1715,40576.0,23.65947521865889,0.7632088780212546,0.0,0.0,29.0,0/0
13,DEL,111372928,111373241,35.0,36.0,1.0047208061675748,0.0,0.0,0.0,20,685.0,20,674.0,33.975,0.9310998498498498,260,9003.0,34.62692307692308,0.9112348178137651,0.0,0.0,38.0,0/0
2,DEL,148706044,148716599,27.0,36.0,1.1124187162621497,1.0,1.0,0.0,20,619.0,20,658.0,31.924999999999997,0.9164884868421053,10495,340736.0,32.46650786088614,0.33819279021756393,0.0,0.0,61.0,0/0
9,DEL,9414213,9414592,33.0,33.0,4.224851058394325,0.0,0.0,0.0,20,582.0,20,638.0,30.5,0.8848319327731092,1,29.0,29.0,0.8529411764705882,0.0,0.0,33.0,0/0
15,DEL,64443917,64444167,22.0,24.0,0.9787736315840254,0.0,0.0,0.0,20,448.0,20,453.0,22.525,0.8502136752136753,197,4532.0,23.00507614213198,0.7932784876597234,0.0,0.0,25.0,0/0
7,DEL,118419416,118419488,22.0,22.0,0.9017237953554398,0.0,0.0,1.0,20,442.0,20,413.0,21.375,0.9497529644268774,12,245.0,20.416666666666668,0.928030303030303,0.0,0.0,22.0,0/0
8,DUP,140079332,140079804,34.0,31.0,0.2011506892218166,0.0,0.0,0.0,20,613.0,20,600.0,30.325,0.8427606177606177,412,13089.0,31.769417475728154,0.8824838187702265,0.0,0.0,36.0,0/0
5,DEL,26976011,26979004,35.0,24.0,4.552784680540515,1.0,1.0,1.0,20,636.0,20,484.0,28.0,0.9024338624338624,2446,73049.0,29.864677023712183,0.6492321092111344,1.0,0.0,39.0,0/0
6,DEL,50380434,50380768,32.0,34.0,3.8573591351426173,0.0,1.0,0.0,20,573.0,20,646.0,30.474999999999998,0.8699346405228758,1,32.0,32.0,0.9142857142857143,0.0,0.0,34.0,0/0
7,DEL,119368405,119368727,23.0,23.0,0.9249112244404394,1.0,0.0,0.0,20,436.0,20,480.0,22.9,0.9159999999999999,270,6124.0,22.68148148148148,0.8400548696844993,0.0,0.0,25.0,0/0
12,DEL,99407961,99408377,33.0,32.0,6.9192480642560925,0.0,1.0,0.0,20,629.0,20,715.0,33.6,0.9328947368421052,1,32.0,32.0,0.8888888888888888,0.0,0.0,33.0,0/0
8,DEL,6346048,6346352,28.0,27.0,0.9430408427337499,0.0,0.0,0.0,20,538.0,20,511.0,26.225,0.9043103448275862,263,6771.0,25.745247148288975,0.8877671430444474,0.0,0.0,28.0,0/0
18,DEL,32992268,32992580,22.0,24.0,0.9773503170791756,0.0,0.0,0.0,20,431.0,20,434.0,21.625,0.848423076923077,260,5718.0,21.99230769230769,0.8458579881656805,0.0,0.0,25.0,0/0
4,DEL,67286175,67287025,35.0,33.0,1.0360147782284237,0.0,0.0,0.0,20,658.0,20,616.0,31.85,0.9099999999999999,804,27064.0,33.66169154228856,0.8631202959561168,0.0,0.0,39.0,0/0
2,DEL,225527866,225529373,27.0,32.0,8.83989847631,0.0,0.0,0.0,20,532.0,20,607.0,28.475,0.9184691745036573,605,17852.0,29.507438016528926,0.8430696576151122,0.0,0.0,33.0,0/0
5,DEL,63707605,63708081,15.0,15.0,0.9899288811712554,0.0,69.0,0.0,20,268.0,20,363.0,15.774999999999999,0.9242982456140351,424,11643.0,27.45990566037736,0.29212665596146126,0.0,0.0,16.0,0/0
11,DEL,5802628,5802939,26.0,24.0,0.9388435795705601,0.0,0.0,0.0,20,452.0,20,466.0,22.950000000000003,0.8826923076923077,268,6299.0,23.503731343283583,0.8705085682697623,0.0,0.0,26.0,0/0
14,DEL,36938724,36942562,33.0,25.0,0.9454963165719559,0.0,0.0,0.0,20,655.0,20,452.0,27.675,0.9198571428571429,3778,92493.0,24.48200105876125,0.4996326746685969,0.0,0.0,46.0,0/0
4,DEL,172547506,172547815,26.0,28.0,1.0033486171252097,0.0,0.0,0.0,20,504.0,20,579.0,27.075,0.9169354838709678,257,6824.0,26.55252918287938,0.8565331994477219,0.0,0.0,28.0,0/0
3,DUP,109424054,109424369,21.0,20.0,1.0250402400249465,0.0,0.0,0.0,20,383.0,20,357.0,18.5,0.8809523809523809,272,5174.0,19.022058823529413,0.905812324929972,0.0,0.0,21.0,0/0
11,DEL,10445294,10445616,39.0,39.0,1.0081821506576198,2.0,1.0,0.0,20,726.0,20,777.0,37.575,0.9059233449477352,270,9900.0,36.666666666666664,0.8333333333333334,0.0,0.0,42.0,0/0
17,DEL,9357434,9358344,29.0,29.0,1.0297336571978892,0.0,0.0,0.0,20,582.0,20,572.0,28.85,0.9162298387096774,858,24514.0,28.571095571095572,0.7721917721917722,0.0,0.0,34.0,0/0
16,DEL,592719,593745,29.0,29.0,0.9863702679994502,3.0,2.0,2.0,20,571.0,20,530.0,27.525,0.8735131048387097,971,26213.0,26.995880535530382,0.6922020650135995,0.0,1.0,33.0,0/0
3,DEL,177429926,177430260,26.0,25.0,1.0088830202681518,0.0,0.0,0.0,20,483.0,20,453.0,23.4,0.9,282,6895.0,24.45035460992908,0.87322695035461,0.0,0.0,28.0,0/0
3,DEL,147950868,147951192,19.0,16.0,0.9126241134713179,0.0,0.0,0.0,20,381.0,20,329.0,17.75,0.910515873015873,281,4826.0,17.17437722419929,0.9039145907473309,0.0,0.0,19.0,0/0
15,DEL,41318871,41321652,29.0,32.0,1.0240865295227086,2.0,0.0,0.0,20,618.0,20,614.0,30.799999999999997,0.9195632798573975,2729,79998.0,29.314034444851593,0.5747849891147372,0.0,0.0,42.0,0/0
2,DEL,86531984,86538064,25.0,26.0,1.0182333701786301,0.0,0.0,0.0,20,494.0,20,528.0,25.549999999999997,0.912579821200511,6039,165076.0,27.33498923662858,0.48812480779693895,0.0,0.0,42.0,0/0
10,DEL,134911347,134911745,23.0,23.0,6.724468393794256,0.0,0.0,0.0,20,450.0,20,457.0,22.675,0.8896923076923078,1,25.0,25.0,1.0,0.0,0.0,23.0,0/0
13,DEL,78650229,78650544,29.0,29.0,0.9945292076911988,0.0,1.0,0.0,20,572.0,20,535.0,27.675,0.8927083333333334,269,7568.0,28.133828996282528,0.8525402726146221,0.0,0.0,31.0,0/0
10,DEL,103819751,103820567,21.0,21.0,2.509449844034387,2.0,1.0,0.0,20,389.0,20,417.0,20.15,0.8590454545454544,577,12263.0,21.253032928942808,0.7084344309647602,1.0,1.0,25.0,0/0
8,DEL,38709725,38710035,33.0,33.0,4.570690916546435,0.0,0.0,0.0,20,661.0,20,645.0,32.65,0.9197420634920634,1,34.0,34.0,0.9714285714285714,0.0,0.0,33.0,0/0
10,DEL,128925530,128925827,26.0,24.0,0.9699922315841301,0.0,0.0,0.0,20,507.0,20,466.0,24.325000000000003,0.9175213675213676,255,6188.0,24.266666666666666,0.8987654320987655,0.0,0.0,27.0,0/0
13,DEL,102113962,102114320,27.0,27.0,0.9851417015936655,0.0,0.0,0.0,20,483.0,20,536.0,25.475,0.8794802867383513,304,7827.0,25.74671052631579,0.8305390492359932,0.0,0.0,29.0,0/0
12,DEL,113795281,113795589,20.0,20.0,0.981264746003031,0.0,1.0,0.0,20,438.0,20,375.0,20.325,0.8638586956521739,261,5003.0,19.168582375478927,0.8334166250208229,1.0,0.0,22.0,0/0
14,DUP,103368176,103368612,19.0,24.0,0.20344916177244018,0.0,1.0,2.0,20,496.0,20,483.0,24.475,0.8905092592592593,376,8218.0,21.856382978723403,0.8094956658786446,0.0,0.0,24.0,0/0
3,DEL,23473339,23473655,23.0,24.0,1.0204673268255868,0.0,0.0,0.0,20,501.0,20,432.0,23.325000000000003,0.913888888888889,274,6472.0,23.62043795620438,0.874831035414977,0.0,0.0,25.0,0/0
8,DEL,68875710,68876008,31.0,32.0,0.9432849131794296,0.0,0.0,0.0,20,584.0,20,643.0,30.674999999999997,0.9290441176470587,257,7365.0,28.657587548638134,0.8428702220187686,0.0,0.0,33.0,0/0
8,DEL,109882976,109928492,20.0,31.0,0.9553556080145814,6.0,1.0,0.0,20,509.0,20,611.0,28.0,0.9037289915966387,45465,1176620.0,25.879687671835477,0.10520198240583528,0.0,0.0,51.0,0/0
10,DEL,37128778,37129087,18.0,20.0,1.0314204124777566,0.0,0.0,0.0,20,337.0,20,416.0,18.825000000000003,0.8351284584980236,250,5019.0,20.076,0.8728695652173913,0.0,0.0,21.0,0/0
11,DEL,88217236,88217574,29.0,35.0,0.9793634514361107,0.0,0.0,0.0,20,595.0,20,622.0,30.425,0.8827020202020202,286,9112.0,31.86013986013986,0.9102897102897103,0.0,0.0,35.0,0/0
3,DEL,197440202,197440453,25.0,28.0,0.9327864124666494,0.0,0.0,0.0,20,499.0,20,537.0,25.9,0.9249680715197957,200,5039.0,25.195,0.8998214285714285,0.0,0.0,28.0,0/0
16,DEL,30843988,30844108,37.0,36.0,0.9638223905878126,0.0,1.0,0.0,20,714.0,20,758.0,36.8,0.9199999999999999,69,2341.0,33.927536231884055,0.8275008837044893,0.0,1.0,38.0,0/0
17,DEL,1623753,1624068,42.0,37.0,0.9998329154868743,0.0,0.0,0.0,20,797.0,20,514.0,32.775,0.7803571428571429,264,10127.0,38.359848484848484,0.8920894996476392,0.0,0.0,43.0,0/0
1,DEL,30266956,30267231,22.0,22.0,1.0170441995416641,0.0,1.0,0.0,20,370.0,20,444.0,20.35,0.8140000000000001,222,4872.0,21.945945945945947,0.8778378378378379,0.0,0.0,24.0,0/0
1,DEL,70958537,70958614,34.0,34.0,0.9709102236321981,1.0,0.0,0.0,20,698.0,20,670.0,34.2,0.9124110953058322,31,1068.0,34.45161290322581,0.9311246730601569,0.0,0.0,35.0,0/0
5,DEL,151052995,151058118,26.0,26.0,6.507118768309324,1.0,0.0,4.0,20,460.0,20,535.0,24.875,0.8719211822660098,4308,101874.0,23.647632311977716,0.5140789633038634,0.0,0.0,42.0,0/0
11,DEL,15113335,15113640,38.0,39.0,1.0010055051322466,2.0,0.0,0.0,20,723.0,20,676.0,34.974999999999994,0.8741869918699188,252,9188.0,36.46031746031746,0.889276035617499,0.0,0.0,40.0,0/0
13,DUP,48538593,48538724,22.0,22.0,0.9327946906810556,0.0,0.0,1.0,20,453.0,20,409.0,21.549999999999997,0.9177727272727273,71,1514.0,21.323943661971832,0.9271279853031231,0.0,0.0,22.0,0/0
14,DEL,63588077,63588382,44.0,47.0,0.9626311089729953,0.0,1.0,0.0,20,929.0,20,912.0,46.025000000000006,0.9206982793117247,252,11091.0,44.01190476190476,0.8629785247432307,0.0,0.0,49.0,0/0
7,DEL,5648736,5649983,24.0,26.0,0.8070505771768665,1.0,1.0,0.0,20,497.0,20,534.0,25.775,0.8887499999999999,1187,29370.0,24.743049705139004,0.6344371719266412,0.0,0.0,32.0,0/0
6,DEL,151126025,151132202,32.0,26.0,0.9684299226080196,2.0,0.0,3.0,20,617.0,20,457.0,26.85,0.8930995475113122,6131,148313.0,24.19067036372533,0.38397889466230684,0.0,0.0,49.0,0/0
2,DEL,19816250,19816568,30.0,32.0,1.008474058022085,0.0,0.0,0.0,20,584.0,20,618.0,30.049999999999997,0.9106060606060606,274,8127.0,29.66058394160584,0.8988055739880557,0.0,0.0,33.0,0/0
7,DEL,3083189,3083501,21.0,22.0,0.9529941771732674,1.0,1.0,0.0,20,398.0,20,425.0,20.575,0.8407083333333334,259,5387.0,20.7992277992278,0.8319691119691119,1.0,0.0,24.0,0/0
4,DEL,80344323,80344634,33.0,33.0,1.0253242987695903,0.0,0.0,0.0,20,611.0,20,621.0,30.8,0.9197192513368984,257,8190.0,31.867704280155642,0.9105058365758755,0.0,0.0,34.0,0/0
5,DEL,143104607,143106201,22.0,22.0,1.0086317816322314,0.0,0.0,0.0,20,457.0,20,451.0,22.700000000000003,0.9267916666666667,1542,32510.0,21.08300907911803,0.6800970670683235,0.0,0.0,28.0,0/0
8,DEL,8357111,8363802,33.0,28.0,0.981291243275409,0.0,0.0,1.0,20,745.0,20,536.0,32.025,0.9098221670802316,6631,192201.0,28.985220931986127,0.42625324899979594,0.0,0.0,51.0,0/0
9,DEL,8312619,8312936,23.0,25.0,1.0208437663928938,0.0,0.0,0.0,20,488.0,20,450.0,23.45,0.8523809523809525,257,6293.0,24.486381322957197,0.8443579766536965,0.0,0.0,26.0,0/0
X,DEL,137868974,137869288,22.0,22.0,0.9485404315765854,0.0,1.0,0.0,20,405.0,20,450.0,21.375,0.9289772727272727,262,5242.0,20.00763358778626,0.8336513994910941,0.0,0.0,22.0,0/0
X,DEL,138855981,138856693,21.0,20.0,1.0076353658729988,0.0,0.0,0.0,20,377.0,20,390.0,19.175,0.8926948051948052,658,13183.0,20.034954407294833,0.834789766970618,0.0,0.0,23.0,0/0
15,DEL,24428738,24431438,30.0,31.0,3.456161623750671,0.0,1.0,1.0,20,580.0,20,393.0,24.325,0.7484562211981567,2375,70388.0,29.637052631578946,0.7228549422336329,0.0,0.0,39.0,0/0
1,DEL,75745093,75745361,30.0,30.0,0.9914317749612426,0.0,0.0,0.0,20,564.0,20,602.0,29.15,0.9251512096774194,208,5919.0,28.45673076923077,0.8892728365384616,0.0,0.0,30.0,0/0
18,DEL,12362138,12362578,22.0,27.0,0.9813516333870926,0.0,0.0,0.0,20,438.0,20,523.0,24.025,0.9232142857142858,389,9549.0,24.547557840616967,0.8464675117454127,0.0,0.0,28.0,0/0
5,DEL,178535923,178536613,21.0,20.0,5.517078918406569,1.0,0.0,5.0,20,454.0,20,374.0,20.7,0.9404166666666667,1,18.0,18.0,0.8181818181818182,0.0,0.0,21.0,0/0
9,DEL,24054596,24055867,19.0,18.0,1.0089496026028357,1.0,0.0,0.0,20,372.0,20,372.0,18.6,0.93,1225,21314.0,17.399183673469388,0.6691993720565149,0.0,0.0,23.0,0/0
3,DEL,146998899,147001781,27.0,26.0,1.0049584032219177,0.0,0.0,0.0,20,532.0,20,470.0,25.05,0.9105437665782493,2830,64928.0,22.942756183745583,0.5882757995832201,0.0,0.0,37.0,0/0
3,DEL,9030464,9030770,13.0,13.0,0.9150642359369598,0.0,0.0,0.0,20,233.0,20,258.0,12.275,0.8191964285714286,255,3195.0,12.529411764705882,0.7830882352941176,0.0,0.0,13.0,0/0
4,DEL,84916716,84916822,26.0,26.0,0.9507144710196783,1.0,0.0,0.0,20,477.0,20,503.0,24.5,0.9074074074074074,46,1126.0,24.47826086956522,0.9066022544283414,0.0,0.0,27.0,0/0
7,DEL,98562631,98562948,23.0,26.0,1.066794160098255,0.0,0.0,0.0,20,490.0,20,460.0,23.75,0.8634259259259259,274,6727.0,24.55109489051095,0.8768248175182481,0.0,0.0,27.0,0/0
3,DEL,142902240,142902545,27.0,23.0,1.0329987780925887,1.0,1.0,0.0,20,521.0,20,479.0,25.0,0.8928571428571428,245,6523.0,26.624489795918368,0.8874829931972789,1.0,0.0,28.0,0/0
22,DEL,23346983,23347802,25.0,22.0,2.0273208690392126,0.0,1.0,0.0,20,463.0,20,444.0,22.674999999999997,0.9076923076923077,759,17442.0,22.9802371541502,0.7924219708327654,0.0,0.0,27.0,0/0
10,DEL,13505390,13505710,33.0,34.0,1.037430219759134,0.0,0.0,0.0,20,611.0,20,657.0,31.700000000000003,0.9321645021645022,269,8212.0,30.527881040892193,0.8722251725969198,0.0,0.0,34.0,0/0
1,DEL,45432682,45432944,32.0,28.0,0.9736374424898381,0.0,0.0,0.0,20,600.0,20,514.0,27.85,0.8556925996204934,216,6275.0,29.050925925925927,0.8544389978213508,0.0,0.0,33.0,0/0
7,DEL,79832646,79835157,11.0,17.0,1.0017076296258758,0.0,1.0,0.0,20,204.0,20,333.0,13.424999999999999,0.8548076923076924,2451,39694.0,16.19502243982048,0.6228854784546339,0.0,0.0,20.0,0/0
9,DEL,30125946,30129873,21.0,23.0,1.0209828946508845,1.0,0.0,0.0,20,413.0,20,423.0,20.9,0.8708333333333333,3872,81846.0,21.137913223140497,0.5284478305785124,0.0,0.0,33.0,0/0
15,DEL,20348094,20350043,30.0,24.0,0.9701888265504616,1.0,0.0,1.0,20,611.0,20,435.0,26.15,0.8978787878787879,1896,48590.0,25.627637130801688,0.732218203737191,0.0,0.0,34.0,0/0
15,DEL,48647926,48648240,30.0,27.0,1.0322670227942954,0.0,0.0,0.0,20,575.0,20,479.0,26.35,0.8791245791245792,254,6625.0,26.08267716535433,0.8413766827533655,0.0,0.0,30.0,0/0
2,DEL,10043084,10045650,32.0,31.0,4.6401621554809065,1.0,1.0,3.0,20,598.0,20,583.0,29.525,0.8558193277310924,2029,64571.0,31.824051256776738,0.6364810251355347,0.0,1.0,44.0,0/0
13,DEL,39832918,39838979,24.0,26.0,4.142903534048069,0.0,0.0,1.0,20,488.0,20,489.0,24.424999999999997,0.9046296296296297,5614,154274.0,27.480228001425008,0.5725047500296877,0.0,0.0,39.0,0/0
5,DEL,53867345,53867616,27.0,24.0,1.0302543446529604,1.0,1.0,0.0,20,499.0,20,446.0,23.625,0.8915357142857143,219,5248.0,23.963470319634702,0.8558382257012394,0.0,0.0,27.0,0/0
1,DEL,61362909,61366264,32.0,32.0,1.0411847880302947,0.0,0.0,0.0,20,644.0,20,621.0,31.625,0.9166176470588235,3307,104334.0,31.549440580586634,0.5842488996404932,0.0,0.0,47.0,0/0
5,DEL,75599860,75600068,36.0,37.0,0.9570076378130011,0.0,0.0,0.0,20,679.0,20,666.0,33.625,0.8967105263157895,157,5339.0,34.00636942675159,0.8949044585987261,0.0,0.0,37.0,0/0
1,DEL,84322209,84323615,27.0,27.0,6.809842547414922,0.0,2.0,1.0,20,532.0,20,522.0,26.35,0.9094047619047619,675,19657.0,29.12148148148148,0.832042328042328,0.0,1.0,30.0,0/0
4,DEL,115649980,115650294,23.0,22.0,1.008544830013943,0.0,0.0,0.0,20,432.0,20,423.0,21.375,0.890625,263,5549.0,21.098859315589355,0.8439543726235741,0.0,0.0,23.0,0/0
