chrom,svtype,left_pos,right_pos,left_conf_int,right_conf_int,left_breakpoint_spanners,right_breakpoint_spanners,avg_coverage_diff,right_clippers,left_clippers,mismatched_over_sv,ref_bases_covered_left_possible,ref_bases_covered_left_actual,ref_bases_covered_right_possible,ref_bases_covered_right_actual,ref_avg_base_coverage,ref_coverage_pct,alt_bases_covered_possible,alt_bases_covered_actual,alt_avg_base_coverage,alt_coverage_pct,left_splitters,right_splitters,splitter_spanners,pred_genotype
1,DEL,869422,870270,(-10, 167),(-175, 9),0.0,0.0,1.4714531304177743,22.0,22.0,27.0,578,6906.0,585,7129.0,12.067210836068966,0.43887399605392685,465,37.0,0.07956989247311828,0.07956989247311828,25.0,0.0,0.0,1/1
1,DEL,2566175,2566584,(-10, 219),(-331, 9),10.0,10.0,3.4138779803853216,5.0,5.0,0.0,630,9198.0,741,10789.0,14.580026990553307,0.5117496991816411,1,10.0,10.0,0.8333333333333334,6.0,0.0,10.0,1/1
1,DEL,2911548,2911852,(-10, 9),(-3, 2),14.0,12.0,0.3539313176854422,11.0,11.0,12.0,420,8942.0,406,8360.0,20.94080459770115,0.6544001436781609,251,3668.0,14.613545816733067,0.8118636564851704,13.0,0.0,15.0,1/1
1,DEL,2919034,2919368,(-10, 9),(-10, 9),14.0,14.0,0.41355889988996875,9.0,11.0,11.0,420,8264.0,420,7409.0,18.65833333333333,0.6784845901225212,274,3515.0,12.828467153284672,0.7546157148990983,11.0,0.0,14.0,1/1
1,DEL,7570070,7571528,(-5, 9),(-10, 9),12.0,14.0,0.37117272273455115,11.0,11.0,14.0,415,6971.0,420,8606.0,18.644033275960986,0.6535221353332508,1398,17807.0,12.737482117310444,0.7960926323319027,14.0,0.0,16.0,1/1
1,DEL,9595625,9597664,(-10, 311),(-354, 9),15.0,13.0,3.761853316541966,10.0,13.0,15.0,722,14428.0,764,15015.0,19.818260431320795,0.6100151738190889,1333,17007.0,12.758439609902476,0.7088022005501375,11.0,0.0,18.0,1/1
1,DEL,10482506,10483763,(-10, 287),(-271, 9),13.0,12.0,2.7613046083694583,14.0,15.0,20.0,698,12287.0,681,13982.0,19.06736154063004,0.5796756806240414,658,7781.0,11.825227963525835,0.8446591402518454,16.0,0.0,14.0,1/1
1,DUP,11051247,11054639,(-84, 9),(-10, 160),22.0,26.0,0.6031390322952791,2.0,0.0,0.0,494,13571.0,571,15929.0,27.684166211703314,0.7291828290626479,3332,106069.0,31.83343337334934,0.5684541673812382,0.0,0.0,41.0,1/1
1,DEL,11682893,11683191,(-10, 9),(-10, 9),11.0,9.0,0.3838706930838938,11.0,9.0,12.0,420,6585.0,420,7032.0,16.210714285714285,0.6236243386243386,238,2520.0,10.588235294117647,0.7563025210084033,12.0,0.0,11.0,1/1
1,DEL,16151933,16155441,(-10, 321),(-340, 9),10.0,11.0,3.145561014769059,6.0,7.0,10.0,732,9546.0,750,9886.0,13.111158469945355,0.5049184375632463,2806,39434.0,14.053456878118318,0.5855607032549299,8.0,0.0,15.0,1/1
1,DEL,19151831,19152243,(-10, 369),(-392, 9),10.0,9.0,6.121546737669426,4.0,8.0,0.0,780,17994.0,802,18910.0,23.323892192595437,0.6219904882721525,1,20.0,20.0,0.6060606060606061,3.0,0.0,11.0,1/1
1,DEL,20931958,20932715,(-10, 278),(-347, 9),0.0,0.0,1.682595670947087,16.0,14.0,23.0,689,7941.0,757,4252.0,8.571153989949632,0.37820917431670986,91,0.0,0,0,19.0,0.0,0.0,1/1
1,DEL,21786420,21786692,(-2, 0),(-1, 0),0.0,0.0,0.055987337340987896,22.0,25.0,0.0,403,4468.0,402,5005.0,11.768548695727318,0.44406284335148083,230,0.0,0,0,25.0,0.0,0.0,1/1
1,DEL,25158703,25161511,(-2, 0),(-10, 9),0.0,1.0,0.2487683125881389,32.0,26.0,0.0,403,7622.0,420,7561.0,18.45776615857261,0.4614479431749298,2757,9719.0,3.525208560029017,0.2518006114306441,35.0,0.0,1.0,1/1
1,DEL,26489823,26490140,(-1, 0),(-10, 9),0.0,0.0,0.09242521959262263,20.0,23.0,0.0,402,4349.0,420,5212.0,11.613965884861408,0.41478449588790745,266,0.0,0,0,26.0,0.0,0.0,1/1
1,DEL,28247807,28248110,(-2, 0),(-2, 0),1.0,5.0,0.2571827400832037,17.0,17.0,10.0,403,7201.0,403,7243.0,17.92059553349876,0.4876605605021165,260,1455.0,5.596153846153846,0.34975961538461536,17.0,0.0,6.0,1/1
1,DUP,31124340,31124726,(-416, 9),(-10, 396),25.0,25.0,0.24665539129128813,0.0,0.0,0.0,826,25844.0,807,26000.0,31.75311364543297,0.6351303338213028,326,14160.0,43.43558282208589,0.8864404657568549,0.0,0.0,41.0,1/1
1,DEL,31575080,31577311,(-10, 136),(-338, 9),15.0,13.0,2.7089864207309735,13.0,13.0,17.0,547,11416.0,748,12084.0,18.51264065539794,0.6046327578959008,1716,21848.0,12.731934731934732,0.6701018279965648,12.0,0.0,18.0,1/1
1,DEL,58343223,58343537,(-3, 2),(-10, 9),8.0,8.0,0.3398394127724961,10.0,6.0,5.0,406,5229.0,420,5451.0,12.928940886699507,0.6156638517475956,261,2084.0,7.984674329501916,0.887186036611324,10.0,0.0,9.0,1/1
1,DEL,35101421,35111978,(-10, 9),(-10, 9),15.0,18.0,0.5322945540307454,10.0,12.0,8.0,420,8559.0,420,9971.0,22.05952380952381,0.6887675070028011,10497,136185.0,12.973706773363817,0.36038074370455053,14.0,0.0,28.0,1/1
1,DEL,35627081,35627461,(-10, 190),(-240, 9),0.0,0.0,3.3279470470305035,19.0,19.0,0.0,601,13421.0,650,14292.0,22.159403558172276,0.41831200136524593,1,16.0,16.0,0.7272727272727273,22.0,0.0,0.0,1/1
1,DEL,37816473,37816724,(-4, 2),(-10, 9),0.0,0.0,0.12812768141082226,17.0,20.0,0.0,407,4282.0,420,4267.0,10.340204165204165,0.4596131492870623,198,0.0,0,0,22.0,0.0,0.0,1/1
1,DEL,38077349,38077422,(-10, 9),(-10, 9),0.0,0.0,0.18428445424438586,1.0,2.0,17.0,420,7552.0,420,7626.0,18.06904761904762,0.6453231292517007,13,12.0,0.9230769230769231,0.038461538461538464,1.0,0.0,0.0,1/1
1,DUP,39970027,39970500,(-347, 9),(-10, 230),25.0,24.0,0.2169903321215515,0.0,0.0,0.0,757,21676.0,641,17818.0,28.215636894960607,0.7628363451069133,413,13182.0,31.91767554479419,0.8866020984665053,0.0,0.0,34.0,1/1
1,DEL,39998256,40001250,(-10, 189),(-317, 9),17.0,13.0,3.189230323374026,7.0,11.0,12.0,600,13274.0,727,10819.0,18.502519486474096,0.6344669657867732,2447,32340.0,13.21618308132407,0.42632848649432487,9.0,2.0,22.0,1/1
1,DEL,42743158,42743494,(-10, 269),(-100, 9),0.0,1.0,0.9725660455966079,20.0,16.0,0.0,680,9360.0,510,5343.0,12.120588235294118,0.27910552170128095,1,2.0,2.0,0.3333333333333333,19.0,0.0,1.0,1/1
1,DEL,43857470,43857793,(-10, 9),(-2, 1),17.0,11.0,0.2975461400920731,13.0,12.0,16.0,420,9876.0,404,8113.0,21.797984441301274,0.6308552283799809,271,3803.0,14.033210332103321,0.7796227962279623,15.0,0.0,17.0,1/1
1,DEL,45417604,45417936,(-10, 384),(-402, 9),9.0,9.0,4.32388267851795,8.0,5.0,0.0,795,13452.0,812,13783.0,16.947446324007807,0.46439072449157026,1,12.0,12.0,1.0,10.0,0.0,9.0,1/1
1,DEL,46207295,46207600,(0, 0),(0, 0),0.0,0.0,0.06425452971531095,31.0,28.0,0.0,401,6230.0,401,5547.0,14.684538653366584,0.45249376558603494,264,0.0,0,0,30.0,0.0,0.0,1/1
1,DEL,46366125,46366438,(-10, 9),(-2, 0),0.0,0.0,0.09189532833409474,31.0,28.0,30.0,420,6907.0,403,6559.0,16.360336169207137,0.44255653522419225,261,5.0,0.019157088122605363,0.019157088122605363,33.0,0.0,0.0,1/1
1,DEL,53594099,53594950,(-3, 2),(-3, 1),11.0,10.0,0.34010495040905436,13.0,10.0,13.0,406,6778.0,405,5974.0,15.722599282369398,0.6283541667641284,805,7956.0,9.883229813664597,0.8236024844720496,11.0,0.0,11.0,1/1
1,DEL,53594099,53595605,(-10, 411),(-450, 6),11.0,10.0,2.3393869281968094,11.0,24.0,15.0,822,11047.0,857,13849.0,14.799516363027251,0.4508249152324564,604,7998.0,13.241721854304636,0.5517384105960265,14.0,0.0,13.0,1/1
1,DEL,53595128,53595605,(-10, 9),(-2, 1),11.0,10.0,0.34656258927663897,8.0,16.0,9.0,420,6397.0,404,7073.0,16.36918906176332,0.6064712155944658,425,4504.0,10.59764705882353,0.8152036199095023,11.0,0.0,13.0,1/1
1,DEL,56401293,56401605,(-2, 0),(-2, 0),0.0,0.0,0.030365660848281285,21.0,22.0,0.0,403,4508.0,403,5079.0,11.894540942928039,0.44877525700106347,269,0.0,0,0,25.0,0.0,0.0,1/1
1,DEL,56831124,56834963,(-10, 9),(-10, 8),14.0,14.0,0.4846085577265587,9.0,8.0,10.0,420,7578.0,419,7074.0,17.46295601772929,0.6858572943895139,3779,40417.0,10.695157449060599,0.4650068456113304,9.0,0.0,21.0,1/1
1,DEL,56887711,56888021,(-10, 9),(-2, 0),0.0,0.0,0.0940309937433721,17.0,19.0,16.0,420,4108.0,403,3892.0,9.71926030958289,0.4425715004957642,258,0.0,0,0,20.0,0.0,0.0,1/1
1,DUP,56996031,56996347,(-2, 0),(-2, 0),31.0,30.0,1.5167999201254816,0.0,0.0,0.0,403,13081.0,403,12791.0,32.09925558312655,0.8128849335114844,273,9528.0,34.9010989010989,0.8948999718230487,0.0,1.0,36.0,1/1
1,DEL,57242625,57242948,(-10, 9),(-2, 0),0.0,0.0,0.03373665307704788,24.0,22.0,20.0,420,5004.0,403,5139.0,12.333073378234669,0.4483467249596282,271,0.0,0,0,27.0,0.0,0.0,1/1
1,DEL,58743913,58744824,(-10, 9),(-2, 0),0.0,0.0,0.04445869037243205,30.0,25.0,31.0,420,6365.0,403,6097.0,15.14189708141321,0.4453499141592121,859,0.0,0,0,33.0,0.0,0.0,1/1
1,DEL,60048636,60049663,(-3, 4),(-10, 9),0.0,0.0,0.12376057217430862,23.0,21.0,21.0,408,4833.0,420,4156.0,10.870413165266108,0.4266422329801486,972,9.0,0.009259259259259259,0.009259259259259259,22.0,0.0,0.0,1/1
1,DEL,62390602,62390937,(-10, 9),(-2, 1),13.0,0.0,0.23738784101816357,10.0,10.0,9.0,420,6980.0,404,6553.0,16.419672324375295,0.619972940517495,283,2821.0,9.968197879858657,0.7667844522968198,11.0,0.0,13.0,1/1
1,DEL,63151835,63152160,(-2, 0),(-2, 0),0.0,0.0,0.06457655878117181,19.0,17.0,0.0,403,3945.0,403,3802.0,9.61166253101737,0.43689375140988046,282,0.0,0,0,21.0,0.0,0.0,1/1
1,DEL,63705366,63708148,(-10, 9),(-2, 1),12.0,18.0,0.8347893631832787,7.0,7.0,7.0,420,9173.0,404,8603.0,21.56751532296087,0.6278689835079068,2730,47733.0,17.484615384615385,0.43711538461538463,7.0,0.0,21.0,1/1
1,DEL,66024188,66030269,(0, 0),(0, 0),0.0,0.0,0.3372034611986267,20.0,19.0,0.0,401,4726.0,401,4292.0,11.24438902743142,0.45869492934330836,6040,7904.0,1.3086092715231787,0.21810154525386313,23.0,0.0,0.0,1/1
1,DEL,66263921,66264320,(-10, 357),(-381, 9),13.0,13.0,2.779356824231093,20.0,17.0,0.0,768,18534.0,791,19312.0,24.273738740518333,0.40471387904185,1,7.0,7.0,0.4666666666666667,20.0,0.0,13.0,1/1
1,DEL,67201222,67201538,(-10, 4),(-1, 0),0.0,0.0,0.10311577817656847,23.0,26.0,19.0,415,5621.0,402,5970.0,14.197662290954863,0.4368542680165848,270,0.0,0,0,30.0,0.0,0.0,1/1
1,DEL,68007999,68008816,(-10, 98),(-100, 9),9.0,0.0,1.433815250069958,25.0,18.0,5.0,509,10070.0,510,4508.0,14.311552833314073,0.5178858651108977,578,2489.0,4.306228373702422,0.18722732059575747,23.0,0.0,9.0,1/1
1,DEL,69807001,69807313,(-10, 169),(-295, 9),0.0,0.0,0.28389843797055525,28.0,25.0,0.0,580,7094.0,705,10638.0,13.660198092443139,0.22766996820738566,1,0.0,0,0,28.0,0.0,0.0,1/1
1,DEL,69943725,69944023,(-2, 0),(-1, 0),0.0,0.0,0.108500800370525,26.0,27.0,0.0,403,5729.0,402,5954.0,14.513413083466045,0.45369666322653723,256,19.0,0.07421875,0.07421875,30.0,0.0,0.0,1/1
1,DEL,70027325,70027684,(-6, 5),(-8, 3),18.0,6.0,1.094384791026999,13.0,14.0,10.0,412,10773.0,412,10614.0,25.95509708737864,0.6116303037478742,305,6666.0,21.85573770491803,0.6829918032786885,9.0,0.0,19.0,1/1
1,DEL,70768127,70768436,(-3, 2),(-4, 2),14.0,13.0,0.2962384090755581,15.0,14.0,12.0,406,8281.0,407,7864.0,19.859209523002626,0.6017942279697766,262,3211.0,12.255725190839694,0.8754089422028354,17.0,0.0,14.0,1/1
1,DUP,70911997,70912424,(-350, 9),(-10, 334),22.0,8.0,2.0613494012832225,4.0,12.0,1.0,760,20844.0,745,17355.0,25.36080890144825,0.5668222359590251,367,10656.0,29.03542234332425,0.784741144414169,2.0,13.0,23.0,1/1
1,DEL,70946205,70946522,(-2, 0),(-1, 0),0.0,0.0,0.05422305047626595,20.0,21.0,0.0,403,4831.0,402,4868.0,12.048522894213795,0.4303043890790641,275,0.0,0,0,26.0,0.0,0.0,1/1
1,DEL,71741332,71741631,(0, 0),(0, 0),0.0,0.0,0.1148176991014311,19.0,17.0,0.0,401,4295.0,401,4715.0,11.234413965087281,0.4403318626510646,258,0.0,0,0,24.0,0.0,0.0,1/1
1,DEL,72766324,72811841,(-2, 0),(-10, 9),0.0,0.0,0.057547276039714206,23.0,24.0,0.0,403,4457.0,420,4703.0,11.128586198747488,0.43652989483634647,45466,1471.0,0.03235384683059869,0.0046219781186569555,24.0,0.0,0.0,1/1
1,DEL,73753607,73753917,(-10, 9),(-9, 9),0.0,0.0,0.05061359190198888,25.0,24.0,26.0,420,5328.0,419,5555.0,12.971735424480055,0.4396818212100905,251,0.0,0,0,28.0,0.0,0.0,1/1
1,DEL,73768797,73769136,(-10, 9),(-2, 0),0.0,0.0,0.15054401863729813,17.0,21.0,21.0,420,4195.0,403,4480.0,10.552360274134468,0.43946501137945737,287,87.0,0.30313588850174217,0.050522648083623695,23.0,0.0,0.0,1/1
1,DEL,74312432,74312684,(-2, 0),(-10, 8),0.0,0.0,0.17884318516533174,18.0,20.0,0.0,403,4336.0,419,4776.0,11.078936615005595,0.41873196170216725,201,56.0,0.27860696517412936,0.27860696517412936,23.0,0.0,0.0,1/1
1,DEL,74755170,74755291,(-2, 0),(-10, 9),0.0,0.0,0.18333420681747195,0.0,1.0,15.0,403,6231.0,420,6566.0,15.547435897435896,0.5366544566544567,70,77.0,1.1,0.055,2.0,0.0,0.0,1/1
1,DEL,76011881,76012197,(-10, 9),(-1, 0),0.0,4.0,0.37413952009815404,15.0,13.0,21.0,420,5102.0,402,5208.0,12.551421464108032,0.4685461853295101,265,1170.0,4.415094339622642,0.6307277628032345,16.0,0.0,4.0,1/1
1,DEL,77100375,77100651,(-10, 9),(-3, 1),11.0,11.0,0.37260672754234603,8.0,10.0,10.0,420,6600.0,405,6336.0,15.679365079365079,0.6402116402116402,223,2411.0,10.811659192825113,0.9009715994020927,10.0,0.0,11.0,1/1
1,DEL,77240062,77240140,(-3, 2),(-3, 2),11.0,11.0,0.46951539514478074,0.0,0.0,14.0,406,10244.0,406,10148.0,25.11330049261084,0.7386264850767894,32,401.0,12.53125,0.40423387096774194,1.0,0.0,11.0,1/1
1,DEL,78649120,78654156,(-10, 299),(-475, 9),12.0,14.0,3.3721363240521045,13.0,12.0,19.0,710,12350.0,885,15721.0,17.57910400254635,0.5581143217515407,4221,54367.0,12.88012319355603,0.44414217908813897,14.0,0.0,19.0,1/1
1,DEL,79401527,79401832,(-10, 9),(-3, 1),16.0,15.0,0.37037495366334844,9.0,14.0,11.0,420,8848.0,405,8537.0,21.07283950617284,0.6610965867828613,252,3741.0,14.845238095238095,0.873249299719888,11.0,1.0,16.0,1/1
1,DUP,79650143,79650275,(-10, 9),(-10, 9),30.0,30.0,0.9707363171376251,0.0,0.0,0.0,420,12350.0,420,12118.0,29.128571428571426,0.8567226890756303,72,2055.0,28.541666666666668,0.9206989247311828,0.0,0.0,30.0,1/1
1,DEL,80114185,80114491,(-10, 9),(-3, 2),14.0,16.0,0.2808870342992565,19.0,16.0,11.0,420,9688.0,406,9707.0,23.487766830870278,0.6266015691605529,253,3586.0,14.173913043478262,0.8858695652173914,19.0,0.0,16.0,1/1
1,DEL,80221782,80223029,(-6, 9),(-10, 9),16.0,16.0,0.5049031779204799,7.0,13.0,6.0,416,7653.0,420,8052.0,18.784031593406596,0.6828167925824176,1187,18194.0,15.32771693344566,0.85153982963587,8.0,0.0,18.0,1/1
1,DEL,81404772,81410950,(-2, 0),(-5, 9),0.0,0.0,0.6031887318174902,12.0,13.0,2.0,403,7376.0,415,3024.0,12.794738258243894,0.4335449988539767,6132,36570.0,5.963796477495108,0.165661013263753,14.0,0.0,0.0,1/1
1,DEL,81687796,81688115,(-3, 1),(-2, 1),12.0,11.0,0.250606084482991,15.0,16.0,11.0,405,7462.0,404,7520.0,18.519276372081652,0.6085086765381519,275,2981.0,10.84,0.8338461538461538,16.0,0.0,12.0,1/1
1,DEL,82963304,82963617,(-3, 2),(-10, 9),9.0,13.0,0.35524249187379797,9.0,9.0,8.0,406,6292.0,420,6911.0,15.976149425287357,0.6390459770114942,260,3032.0,11.661538461538461,0.832967032967033,10.0,0.0,13.0,1/1
1,DEL,83042654,83042966,(-10, 9),(-4, 2),17.0,17.0,0.4178685159384403,14.0,12.0,4.0,420,9331.0,407,8745.0,21.851576576576576,0.6732719199275177,258,3893.0,15.089147286821705,0.8875968992248062,13.0,0.0,17.0,1/1
1,DEL,83125976,83127571,(-2, 1),(-10, 9),4.0,2.0,0.220461228743518,14.0,13.0,12.0,404,4321.0,420,4909.0,11.19181989627534,0.5087448496402436,1543,8517.0,5.519766688269605,0.6133074098077339,15.0,0.0,5.0,1/1
1,DEL,84517939,84524631,(-9, 9),(-10, 9),7.0,11.0,0.5228664539803886,15.0,12.0,3.0,419,9109.0,420,7694.0,20.029452210478464,0.5913682077110038,6632,105194.0,15.86158021712907,0.3965395054282268,18.0,0.0,16.0,1/1
1,DEL,85748634,85748952,(-10, 9),(-10, 9),0.0,0.0,0.02554032810079219,32.0,30.0,34.0,420,7421.0,420,7239.0,17.45238095238095,0.44764880952380953,258,0.0,0,0,37.0,0.0,0.0,1/1
1,DEL,86405805,86406120,(-10, 9),(-2, 1),11.0,10.0,0.21405428552248437,17.0,16.0,17.0,420,8210.0,404,7464.0,19.011433286185763,0.5941639094785055,263,2486.0,9.452471482889734,0.8593155893536122,19.0,0.0,11.0,1/1
1,DEL,86740986,86741699,(-5, 3),(-10, 9),11.0,7.0,1.3249222159701664,15.0,15.0,9.0,409,7204.0,420,5736.0,15.635417394341598,0.5584077640836286,659,6831.0,10.365705614567526,0.7404075438976805,14.0,0.0,12.0,1/1
1,DEL,89475924,89478625,(-10, 145),(-139, 7),18.0,20.0,2.415379583053748,10.0,12.0,11.0,556,13460.0,547,13365.0,24.320952744203176,0.7050560586972021,2376,43281.0,18.21590909090909,0.6281347962382445,12.0,0.0,22.0,1/1
1,DEL,91624787,91625056,(-10, 9),(-10, 9),0.0,0.0,0.10936705558145354,21.0,14.0,19.0,420,4296.0,420,4272.0,10.2,0.42578881987577644,209,11.0,0.05263157894736842,0.05263157894736842,21.0,0.0,0.0,1/1
1,DEL,91914111,91914552,(-2, 0),(-10, 9),0.0,3.0,0.11999268833576947,25.0,24.0,0.0,403,6489.0,420,6976.0,16.35563039111426,0.469250491831137,390,1109.0,2.8435897435897437,0.7108974358974359,27.0,0.0,3.0,1/1
1,DEL,92134194,92134885,(-10, 324),(-339, 9),0.0,0.0,2.992851075112247,15.0,19.0,19.0,735,7549.0,749,8602.0,10.877697247123148,0.3156783637299325,1,0.0,0,0,18.0,0.0,0.0,1/1
1,DEL,92232063,92233335,(-3, 2),(-3, 1),10.0,12.0,0.5828927534773817,9.0,6.0,1.0,406,6139.0,405,6056.0,15.03688803746275,0.6996779047545332,1226,13388.0,10.920065252854812,0.5200031072788006,8.0,0.0,13.0,1/1
1,DEL,94288375,94291258,(-10, 9),(-2, 0),0.0,0.0,0.1033676466540171,20.0,21.0,16.0,420,4294.0,403,4241.0,10.37369136240104,0.4322371401000433,2831,150.0,0.05298481102084069,0.05298481102084069,23.0,0.0,0.0,1/1
1,DEL,95690524,95690831,(-10, 9),(-1, 0),19.0,0.0,0.67495322880187,16.0,15.0,4.0,420,8212.0,402,7672.0,19.318479033404408,0.6469654472114367,256,4393.0,17.16015625,0.7800071022727273,20.0,0.0,19.0,1/1
1,DEL,99179944,99180051,(-10, 9),(-10, 9),15.0,14.0,0.5734811175919958,0.0,0.0,11.0,420,9339.0,420,9362.0,22.26309523809524,0.7951105442176871,47,665.0,14.148936170212766,0.5053191489361702,0.0,0.0,15.0,1/1
1,DEL,103047692,103048010,(-2, 0),(-2, 0),0.0,0.0,0.1005784016800097,31.0,30.0,0.0,403,6637.0,403,6088.0,15.787841191066999,0.43885448916408665,275,250.0,0.9090909090909091,0.9090909090909091,32.0,0.0,0.0,1/1
1,DEL,103096080,103096386,(-10, 9),(-10, 9),0.0,0.0,0.15738316541507907,28.0,31.0,29.0,420,7188.0,420,7742.0,17.773809523809526,0.4387253193960511,246,225.0,0.9146341463414634,0.9146341463414634,37.0,0.0,0.0,1/1
1,DEL,105218643,105219464,(-5, 9),(-10, 9),11.0,13.0,0.5033623583487254,12.0,11.0,9.0,415,7106.0,420,7639.0,17.65549340218015,0.6418779995264505,761,8606.0,11.30880420499343,0.6652237767643194,13.0,0.0,14.0,1/1
1,DEL,105428320,105428641,(-2, 0),(-10, 9),0.0,0.0,0.31442178207539023,15.0,16.0,0.0,403,4221.0,420,4372.0,10.441734609476544,0.4662447319705384,270,132.0,0.4888888888888889,0.02875816993464052,19.0,0.0,0.0,1/1
1,DEL,105866783,105867046,(-4, 2),(-3, 2),13.0,12.0,0.36733413059230363,16.0,13.0,2.0,407,8092.0,406,8456.0,20.354825044480215,0.6075314246068442,217,2607.0,12.013824884792626,0.8581303489137591,16.0,0.0,13.0,1/1
1,DEL,108402974,108405486,(-10, 9),(-10, 9),18.0,17.0,0.47424304185001886,13.0,11.0,16.0,420,9975.0,420,9475.0,23.154761904761905,0.6810966810966811,2452,40071.0,16.342169657422513,0.680923735725938,14.0,0.0,22.0,1/1
1,DEL,108733326,108737253,(-3, 4),(-10, 9),10.0,11.0,0.58471594338566,5.0,10.0,1.0,408,5730.0,420,6515.0,14.778011204481793,0.6563998128895827,3872,40865.0,10.553977272727273,0.5554724880382775,10.0,0.0,15.0,1/1
1,DEL,109573232,109575182,(-10, 9),(-3, 1),12.0,14.0,0.4618496955385491,17.0,16.0,14.0,420,8836.0,405,8619.0,21.159788359788358,0.5972615472615472,1897,29724.0,15.668950975224037,0.6267580390089615,15.0,0.0,19.0,1/1
1,DEL,109597727,109598042,(-6, 9),(-10, 9),0.0,0.0,0.37488799745234047,10.0,7.0,11.0,416,3493.0,420,2972.0,7.7364125457875454,0.4180391146843353,255,542.0,2.1254901960784314,0.21254901960784314,8.0,0.0,0.0,1/1
1,DEL,112835105,112837667,(-10, 274),(-222, 9),0.0,1.0,0.1538714035099961,29.0,29.0,36.0,685,7309.0,632,7136.0,10.980606116603528,0.3064418625739417,2025,1865.0,0.9209876543209876,0.3069958847736626,23.0,0.0,1.0,1/1
1,DEL,114039830,114045843,(-10, 186),(-220, 9),11.0,9.0,3.104795345813517,18.0,14.0,21.0,597,10901.0,630,10335.0,17.332196697774588,0.46392345324506123,5566,78044.0,14.021559468199785,0.43817373338124327,20.0,0.0,16.0,1/1
1,DEL,115796902,115797174,(-10, 9),(-2, 0),0.0,0.0,0.03534408841959068,20.0,22.0,21.0,420,4620.0,403,4273.0,10.801488833746898,0.4596661811774013,220,0.0,0,0,23.0,0.0,0.0,1/1
1,DEL,116229486,116232842,(-3, 3),(-4, 1),15.0,14.0,0.4120596872776327,15.0,16.0,13.0,407,9279.0,406,9111.0,22.619706249016595,0.6113434121355836,3308,41662.0,12.594316807738815,0.5997293717970864,18.0,0.0,20.0,1/1
1,DEL,118091051,118091260,(-10, 9),(-1, 0),0.0,0.0,0.0857185058703347,26.0,24.0,27.0,420,6684.0,402,5795.0,15.164854299928926,0.35666683769844437,158,0.0,0,0,33.0,0.0,0.0,1/1
1,DEL,233962212,233963616,(-10, 384),(-306, 9),0.0,0.0,0.5674547985554544,22.0,27.0,29.0,795,5328.0,716,7539.0,8.61560820069569,0.2800705474233343,673,0.0,0,0,25.0,0.0,0.0,1/1
1,DEL,232423133,232423448,(-10, 9),(-1, 0),0.0,0.0,0.10103194893764769,25.0,26.0,25.0,420,5788.0,402,5472.0,13.696446339729922,0.43487480512185617,264,17.0,0.06439393939393939,0.06439393939393939,28.0,0.0,0.0,1/1
11,DEL,109474034,109474881,(-10, 167),(-175, 9),19.0,17.0,3.1710705672351884,1.0,0.0,2.0,578,11280.0,585,10081.0,18.374024783367343,0.8158987836962863,464,8345.0,17.98491379310345,0.8174960815047022,0.0,0.0,21.0,1/1
10,DEL,87770600,87771008,(-10, 219),(-331, 9),27.0,27.0,5.560722464878794,1.0,0.0,0.0,630,16870.0,741,19518.0,26.55892937471885,0.8172876709060919,1,26.0,26.0,0.8666666666666667,0.0,0.0,28.0,1/1
3,DEL,162702823,162703126,(-10, 9),(-3, 2),20.0,21.0,1.0432740134233165,0.0,0.0,0.0,420,7905.0,406,8050.0,19.324507389162562,0.8401959734418505,250,4855.0,19.42,0.8443478260869566,0.0,0.0,21.0,1/1
X,DEL,56528545,56528878,(-10, 9),(-10, 9),33.0,36.0,1.0160658262713418,1.0,0.0,0.0,420,13560.0,420,14182.0,33.02619047619048,0.8468253968253968,273,9108.0,33.362637362637365,0.8779641411220359,0.0,0.0,36.0,1/1
Y,DEL,25706428,25707884,(-5, 9),(-10, 9),0.0,0.0,1.0,0.0,0.0,0.0,415,0.0,420,0.0,0.0,0.0,1396,0.0,0,0,0.0,0.0,0.0,1/1
2,DEL,28441627,28443665,(-10, 311),(-354, 9),27.0,19.0,5.919716021554814,1.0,0.0,2.0,722,19135.0,764,16001.0,23.7232436802947,0.8014589849821221,1332,30544.0,22.93093093093093,0.6744391450273803,0.0,0.0,30.0,1/1
20,DEL,24240932,24242188,(-10, 287),(-271, 9),29.0,31.0,5.366792448918298,1.0,0.0,4.0,698,19968.0,681,19802.0,28.84263829106867,0.8019846848747547,657,19651.0,29.910197869101978,0.8308388296972772,0.0,0.0,34.0,1/1
8,DUP,97138502,97141893,(-84, 9),(-10, 160),23.0,20.0,0.3775571030229612,0.0,0.0,0.0,494,10239.0,571,10629.0,19.670715840524117,0.854868294554556,3331,66774.0,20.046232362653857,0.5727494960758245,0.0,0.0,32.0,1/1
8,DEL,5029254,5029551,(-10, 9),(-10, 9),28.0,31.0,0.8868855361175972,0.0,0.0,0.0,420,11907.0,420,11727.0,28.135714285714286,0.8672573868256981,237,6592.0,27.814345991561183,0.8972369674697155,0.0,0.0,31.0,1/1
15,DEL,58900317,58903821,(-10, 321),(-340, 9),27.0,30.0,5.512004253564918,0.0,1.0,3.0,732,19056.0,750,22197.0,27.81439344262295,0.8309392149950057,2802,76879.0,27.43718772305496,0.6380741330943014,0.0,1.0,39.0,1/1
7,DEL,21492854,21493265,(-10, 369),(-392, 9),23.0,24.0,6.229523653495865,1.0,0.0,0.0,780,19881.0,802,20375.0,25.44684922309611,0.7484367418557678,1,23.0,23.0,0.8214285714285714,0.0,0.0,24.0,1/1
11,DEL,120370733,120371489,(-10, 278),(-347, 9),25.0,24.0,5.392873159033553,0.0,1.0,5.0,689,16954.0,757,18006.0,24.19633685025874,0.7692617187320709,90,1980.0,22.0,0.8148148148148148,0.0,0.0,26.0,1/1
19,DEL,34852695,34852966,(-2, 0),(-1, 0),21.0,22.0,0.953709725264191,0.0,0.0,0.0,403,8679.0,402,7990.0,20.70580101971532,0.8282289204546713,229,4761.0,20.790393013100438,0.8662663755458515,0.0,0.0,23.0,1/1
18,DEL,49415000,49417807,(-2, 0),(-10, 9),20.0,29.0,1.011395533593138,0.0,0.0,0.0,403,7536.0,420,12440.0,24.159399740044904,0.8683614388683514,2756,63445.0,23.02068214804064,0.5231973215463781,0.0,0.0,38.0,1/1
12,DEL,64376078,64376394,(-1, 0),(-10, 9),35.0,36.0,1.0141125465820755,0.0,0.0,0.0,402,13005.0,420,15226.0,34.30156361051883,0.8463291210092916,265,9309.0,35.12830188679245,0.8567878508973769,0.0,0.0,37.0,1/1
6,DEL,111960640,111960942,(-2, 0),(-2, 0),24.0,26.0,0.9488415245256581,0.0,0.0,0.0,403,9322.0,403,9671.0,23.564516129032256,0.8892352937017949,259,5970.0,23.05019305019305,0.8537108537108538,0.0,0.0,26.0,1/1
2,DUP,226655390,226655740,(-416, 9),(-10, 396),30.0,31.0,0.17760035074437197,1.0,0.0,0.0,826,23911.0,807,24903.0,29.903338974049703,0.7979039189684061,290,8407.0,28.989655172413794,0.8784743991640543,0.0,0.0,33.0,1/1
1,DEL,11912234,11914464,(-10, 136),(-338, 9),26.0,22.0,4.2193968357319545,0.0,0.0,2.0,547,13352.0,748,16052.0,22.934699723332912,0.7908517145976866,1715,40576.0,23.65947521865889,0.7632088780212546,0.0,0.0,29.0,1/1
13,DEL,111372928,111373241,(-3, 2),(-10, 9),35.0,36.0,1.0047208061675748,0.0,0.0,0.0,406,13879.0,420,14456.0,34.30188834154352,0.880191318814277,260,9003.0,34.62692307692308,0.9112348178137651,0.0,0.0,38.0,1/1
2,DEL,148706044,148716599,(-10, 9),(-10, 9),27.0,36.0,1.11241871626215,1.0,1.0,0.0,420,12236.0,420,14680.0,32.042857142857144,0.8202380952380952,10495,340736.0,32.46650786088614,0.33819279021756393,0.0,0.0,61.0,1/1
9,DEL,9414213,9414592,(-10, 190),(-240, 9),33.0,33.0,4.224851058394325,0.0,0.0,0.0,601,18526.0,650,20100.0,30.874184052220656,0.857616223672796,1,29.0,29.0,0.8529411764705882,0.0,0.0,33.0,1/1
15,DEL,64443917,64444167,(-4, 2),(-10, 9),22.0,24.0,0.9787736315840254,0.0,0.0,0.0,407,9593.0,420,9796.0,23.446917046917047,0.770416280868867,197,4532.0,23.00507614213198,0.7932784876597234,0.0,0.0,25.0,1/1
7,DEL,118419416,118419488,(-10, 9),(-10, 9),22.0,22.0,0.9017237953554398,0.0,0.0,1.0,420,8903.0,420,8878.0,21.167857142857144,0.8819940476190475,12,245.0,20.416666666666668,0.928030303030303,0.0,0.0,22.0,1/1
8,DUP,140079332,140079804,(-347, 9),(-10, 230),34.0,31.0,0.20115068922181653,0.0,0.0,0.0,757,24631.0,641,20188.0,32.01609419726855,0.8315511804230773,412,13089.0,31.769417475728154,0.8824838187702265,0.0,0.0,36.0,1/1
5,DEL,26976011,26979004,(-10, 189),(-317, 9),35.0,24.0,4.5527846805405146,1.0,1.0,1.0,600,19720.0,727,18322.0,29.03443374598808,0.826240528246338,2446,73049.0,29.864677023712183,0.6492321092111344,1.0,0.0,39.0,1/1
6,DEL,50380434,50380768,(-10, 269),(-100, 9),32.0,34.0,3.857359135142618,0.0,1.0,0.0,680,21367.0,510,16380.0,31.76985294117647,0.7949605451936872,1,32.0,32.0,0.9142857142857143,0.0,0.0,34.0,1/1
7,DEL,119368405,119368727,(-10, 9),(-2, 1),23.0,23.0,0.9249112244404395,1.0,0.0,0.0,420,9540.0,404,9205.0,22.749469589816123,0.8275502720340061,270,6124.0,22.68148148148148,0.8400548696844993,0.0,0.0,25.0,1/1
12,DEL,99407961,99408377,(-10, 384),(-402, 9),33.0,32.0,6.919248064256095,0.0,1.0,0.0,795,26238.0,812,26927.0,33.08255181708337,0.7876798051686518,1,32.0,32.0,0.8888888888888888,0.0,0.0,33.0,1/1
8,DEL,6346048,6346352,(0, 0),(0, 0),28.0,27.0,0.9430408427337499,0.0,0.0,0.0,401,10445.0,401,10385.0,25.972568578553613,0.8247714886171668,263,6771.0,25.745247148288975,0.8877671430444474,0.0,0.0,28.0,1/1
18,DEL,32992268,32992580,(-10, 9),(-2, 0),22.0,24.0,0.9773503170791755,0.0,0.0,0.0,420,9615.0,403,8933.0,22.529555122297058,0.8046269686534664,260,5718.0,21.99230769230769,0.8458579881656805,0.0,0.0,25.0,1/1
4,DEL,67286175,67287025,(-3, 2),(-3, 1),35.0,33.0,1.0360147782284232,0.0,0.0,0.0,406,13623.0,405,12965.0,32.78326643556529,0.8741017289867865,804,27064.0,33.66169154228856,0.8631202959561168,0.0,0.0,39.0,1/1
2,DEL,225527866,225529373,(-10, 411),(-450, 6),27.0,32.0,8.83989847631,0.0,0.0,0.0,822,22344.0,857,25753.0,28.616328390498172,0.8416567173675933,605,17852.0,29.507438016528926,0.8430696576151122,0.0,0.0,33.0,1/1
5,DEL,63707605,63708081,(-10, 9),(-2, 1),15.0,15.0,0.9899288811712557,0.0,69.0,0.0,420,5797.0,404,12030.0,21.789804337576616,0.5880466559343904,424,11643.0,27.45990566037736,0.29212665596146126,0.0,0.0,16.0,1/1
11,DEL,5802628,5802939,(-2, 0),(-2, 0),26.0,24.0,0.9388435795705601,0.0,0.0,0.0,403,9458.0,403,9648.0,23.70471464019851,0.8336182336182336,268,6299.0,23.503731343283583,0.8705085682697623,0.0,0.0,26.0,1/1
14,DEL,36938724,36942562,(-10, 9),(-10, 8),33.0,25.0,0.9454963165719559,0.0,0.0,0.0,420,13319.0,419,9785.0,27.532563359472668,0.8497289780404339,3778,92493.0,24.48200105876125,0.4996326746685969,0.0,0.0,46.0,1/1
4,DEL,172547506,172547815,(-10, 9),(-2, 0),26.0,28.0,1.0033486171252097,0.0,0.0,0.0,420,10741.0,403,11049.0,26.49534148647052,0.8408694464138013,257,6824.0,26.55252918287938,0.8565331994477219,0.0,0.0,28.0,1/1
3,DUP,109424054,109424369,(-2, 0),(-2, 0),21.0,20.0,1.0250402400249468,0.0,0.0,0.0,403,7746.0,403,7743.0,19.217121588089327,0.9151010280042537,272,5174.0,19.022058823529413,0.905812324929972,0.0,0.0,21.0,1/1
11,DEL,10445294,10445616,(-10, 9),(-2, 0),39.0,39.0,1.0081821506576198,2.0,1.0,0.0,420,15860.0,403,14943.0,37.420654614203,0.8328782569736425,270,9900.0,36.666666666666664,0.8333333333333334,0.0,0.0,42.0,1/1
17,DEL,9357434,9358344,(-10, 9),(-2, 0),29.0,29.0,1.029733657197889,0.0,0.0,0.0,420,11885.0,403,11582.0,28.518536570955924,0.8393154336702724,858,24514.0,28.571095571095572,0.7721917721917722,0.0,0.0,34.0,1/1
16,DEL,592719,593745,(-3, 4),(-10, 9),29.0,29.0,0.9863702679994502,3.0,2.0,2.0,408,11665.0,420,11257.0,27.69653361344538,0.772643941026294,971,26213.0,26.995880535530382,0.6922020650135995,0.0,1.0,33.0,1/1
3,DEL,177429926,177430260,(-10, 9),(-2, 1),26.0,25.0,1.0088830202681516,0.0,0.0,0.0,420,10182.0,404,9298.0,23.62885431400283,0.8150271098538425,282,6895.0,24.45035460992908,0.87322695035461,0.0,0.0,28.0,1/1
3,DEL,147950868,147951192,(-2, 0),(-2, 0),19.0,16.0,0.9126241134713179,0.0,0.0,0.0,403,7327.0,403,6473.0,17.121588089330025,0.8344351884674466,281,4826.0,17.17437722419929,0.9039145907473309,0.0,0.0,19.0,1/1
15,DEL,41318871,41321652,(-10, 9),(-2, 1),29.0,32.0,1.0240865295227084,2.0,0.0,0.0,420,12269.0,404,12377.0,29.924021687883076,0.8428148503625872,2729,79998.0,29.314034444851593,0.5747849891147372,0.0,0.0,42.0,1/1
2,DEL,86531984,86538064,(0, 0),(0, 0),25.0,26.0,1.01823337017863,0.0,0.0,0.0,401,9327.0,401,10297.0,24.468827930174562,0.8448949311309539,6039,165076.0,27.33498923662858,0.48812480779693895,0.0,0.0,42.0,1/1
10,DEL,134911347,134911745,(-10, 357),(-381, 9),23.0,23.0,6.724468393794258,0.0,0.0,0.0,768,17463.0,791,17946.0,22.713009145859672,0.8111788980664167,1,25.0,25.0,1.0,0.0,0.0,23.0,1/1
13,DEL,78650229,78650544,(-10, 4),(-1, 0),29.0,29.0,0.994529207691199,0.0,1.0,0.0,415,11991.0,402,11282.0,28.47932626026494,0.8376272429489688,269,7568.0,28.133828996282528,0.8525402726146221,0.0,0.0,31.0,1/1
10,DEL,103819751,103820567,(-10, 98),(-100, 9),21.0,21.0,2.5094498440343873,2.0,1.0,0.0,509,10478.0,510,10809.0,20.889789668323125,0.7743406498159184,577,12263.0,21.253032928942808,0.7084344309647602,1.0,1.0,25.0,1/1
8,DEL,38709725,38710035,(-10, 169),(-295, 9),33.0,33.0,4.570690916546435,0.0,0.0,0.0,580,18805.0,705,22774.0,32.362979946197115,0.8298199986204389,1,34.0,34.0,0.9714285714285714,0.0,0.0,33.0,1/1
10,DEL,128925530,128925827,(-2, 0),(-1, 0),26.0,24.0,0.96999223158413,0.0,0.0,0.0,403,10100.0,402,9359.0,24.17156463340864,0.8632354273683225,255,6188.0,24.266666666666666,0.8987654320987655,0.0,0.0,27.0,1/1
13,DEL,102113962,102114320,(-6, 5),(-8, 3),27.0,27.0,0.9851417015936658,0.0,0.0,0.0,412,10244.0,412,11169.0,25.986650485436893,0.8379829085760517,304,7827.0,25.74671052631579,0.8305390492359932,0.0,0.0,29.0,1/1
12,DEL,113795281,113795589,(-3, 2),(-4, 2),20.0,20.0,0.981264746003031,0.0,1.0,0.0,406,8384.0,407,7915.0,20.048710376296583,0.80226958890752,261,5003.0,19.168582375478927,0.8334166250208229,1.0,0.0,22.0,1/1
14,DUP,103368176,103368612,(-350, 9),(-10, 334),19.0,24.0,0.20344916177244027,0.0,1.0,2.0,760,17274.0,745,17701.0,23.244339456022608,0.7343497919758897,376,8218.0,21.856382978723403,0.8094956658786446,0.0,0.0,24.0,1/1
3,DEL,23473339,23473655,(-2, 0),(-1, 0),23.0,24.0,1.0204673268255868,0.0,0.0,0.0,403,9671.0,402,9088.0,23.302241892275596,0.8791478230573079,274,6472.0,23.62043795620438,0.874831035414977,0.0,0.0,25.0,1/1
8,DEL,68875710,68876008,(0, 0),(0, 0),31.0,32.0,0.9432849131794298,0.0,0.0,0.0,401,11727.0,401,11981.0,29.561097256857856,0.8568903371822545,257,7365.0,28.657587548638134,0.8428702220187686,0.0,0.0,33.0,1/1
8,DEL,109882976,109928492,(-2, 0),(-10, 9),20.0,31.0,0.9553556080145819,6.0,1.0,0.0,403,8949.0,420,13126.0,26.729168143684273,0.7476396027807318,45465,1176620.0,25.879687671835477,0.10520198240583528,0.0,0.0,51.0,1/1
10,DEL,37128778,37129087,(-10, 9),(-9, 9),18.0,20.0,1.0314204124777568,0.0,0.0,0.0,420,7917.0,419,8601.0,19.688723150357994,0.8374377399605686,250,5019.0,20.076,0.8728695652173913,0.0,0.0,21.0,1/1
11,DEL,88217236,88217574,(-10, 9),(-2, 0),29.0,35.0,0.9793634514361109,0.0,0.0,0.0,420,12508.0,403,13165.0,31.224223088739215,0.8791573684891658,286,9112.0,31.86013986013986,0.9102897102897103,0.0,0.0,35.0,1/1
3,DEL,197440202,197440453,(-2, 0),(-10, 8),25.0,28.0,0.9327864124666494,0.0,0.0,0.0,403,10142.0,419,10744.0,25.40412893750333,0.8332740543136934,200,5039.0,25.195,0.8998214285714285,0.0,0.0,28.0,1/1
16,DEL,30843988,30844108,(-2, 0),(-10, 9),37.0,36.0,0.9638223905878126,0.0,1.0,0.0,403,14390.0,420,14991.0,35.70002658631691,0.8500006330075455,69,2341.0,33.927536231884055,0.8275008837044893,0.0,1.0,38.0,1/1
17,DEL,1623753,1624068,(-10, 9),(-1, 0),42.0,37.0,0.9998329154868745,0.0,0.0,0.0,420,15998.0,402,14962.0,37.6546908315565,0.8367709073679224,264,10127.0,38.359848484848484,0.8920894996476392,0.0,0.0,43.0,1/1
1,DEL,30266956,30267231,(-10, 9),(-3, 1),22.0,22.0,1.0170441995416641,0.0,1.0,0.0,420,9114.0,405,8938.0,21.88456790123457,0.8280917107583774,222,4872.0,21.945945945945947,0.8778378378378379,0.0,0.0,24.0,1/1
1,DEL,70958537,70958614,(-3, 2),(-3, 2),34.0,34.0,0.9709102236321984,1.0,0.0,0.0,406,13752.0,406,13790.0,33.91871921182266,0.8272858344346989,31,1068.0,34.45161290322581,0.9311246730601569,0.0,0.0,35.0,1/1
5,DEL,151052995,151058118,(-10, 299),(-475, 9),26.0,26.0,6.507118768309325,1.0,0.0,4.0,710,17931.0,885,22788.0,25.502041059918838,0.8226464858038334,4308,101874.0,23.647632311977716,0.5140789633038634,0.0,0.0,42.0,1/1
11,DEL,15113335,15113640,(-10, 9),(-3, 1),38.0,39.0,1.0010055051322468,2.0,0.0,0.0,420,15545.0,405,14639.0,36.57879188712522,0.871171949168735,252,9188.0,36.46031746031746,0.889276035617499,0.0,0.0,40.0,1/1
13,DUP,48538593,48538724,(-10, 9),(-10, 9),22.0,22.0,0.9327946906810557,0.0,0.0,1.0,420,9090.0,420,8713.0,21.194047619047616,0.8477619047619047,71,1514.0,21.323943661971832,0.9271279853031231,0.0,0.0,22.0,1/1
14,DEL,63588077,63588382,(-10, 9),(-3, 2),44.0,47.0,0.9626311089729954,0.0,1.0,0.0,420,18754.0,406,18136.0,44.661165845648604,0.8429604718397822,252,11091.0,44.01190476190476,0.8629785247432307,0.0,0.0,49.0,1/1
7,DEL,5648736,5649983,(-6, 9),(-10, 9),24.0,26.0,0.8070505771768666,1.0,1.0,0.0,416,9961.0,420,11101.0,25.187831959706962,0.7991886557662767,1187,29370.0,24.743049705139004,0.6344371719266412,0.0,0.0,32.0,1/1
6,DEL,151126025,151132202,(-2, 0),(-5, 9),32.0,26.0,0.96842992260802,2.0,0.0,3.0,403,12373.0,415,9510.0,26.80894795061138,0.8131850149155364,6131,148313.0,24.19067036372533,0.38397889466230684,0.0,0.0,49.0,1/1
2,DEL,19816250,19816568,(-3, 1),(-2, 1),30.0,32.0,1.0084740580220852,0.0,0.0,0.0,405,11830.0,404,12147.0,29.638354113189095,0.8851150637939611,274,8127.0,29.66058394160584,0.8988055739880557,0.0,0.0,33.0,1/1
7,DEL,3083189,3083501,(-3, 2),(-10, 9),21.0,22.0,0.9529941771732672,1.0,1.0,0.0,406,8709.0,420,8619.0,20.986083743842364,0.763075364245315,259,5387.0,20.7992277992278,0.8319691119691119,1.0,0.0,24.0,1/1
4,DEL,80344323,80344634,(-10, 9),(-4, 2),33.0,33.0,1.02532429876959,0.0,0.0,0.0,420,13199.0,407,12683.0,31.29417631917632,0.8817533860391003,257,8190.0,31.867704280155642,0.9105058365758755,0.0,0.0,34.0,1/1
5,DEL,143104607,143106201,(-2, 1),(-10, 9),22.0,22.0,1.0086317816322314,0.0,0.0,0.0,404,8906.0,420,9046.0,21.791324846770394,0.8546956442897037,1542,32510.0,21.08300907911803,0.6800970670683235,0.0,0.0,28.0,1/1
8,DEL,8357111,8363802,(-9, 9),(-10, 9),33.0,28.0,0.981291243275409,0.0,0.0,1.0,419,14432.0,420,11722.0,31.1767189453347,0.8304819063663651,6631,192201.0,28.985220931986127,0.42625324899979594,0.0,0.0,51.0,1/1
9,DEL,8312619,8312936,(-10, 9),(-10, 9),23.0,25.0,1.020843766392894,0.0,0.0,0.0,420,10432.0,420,10299.0,24.679761904761904,0.8680687830687831,257,6293.0,24.486381322957197,0.8443579766536965,0.0,0.0,26.0,1/1
X,DEL,137868974,137869288,(-10, 9),(-2, 1),22.0,22.0,0.9485404315765853,0.0,1.0,0.0,420,8494.0,404,8616.0,20.775271098538425,0.8661826865916404,262,5242.0,20.00763358778626,0.8336513994910941,0.0,0.0,22.0,1/1
X,DEL,138855981,138856693,(-5, 3),(-10, 9),21.0,20.0,1.0076353658729988,0.0,0.0,0.0,409,8210.0,420,8235.0,19.840246245197346,0.8824547276896592,658,13183.0,20.034954407294833,0.834789766970618,0.0,0.0,23.0,1/1
15,DEL,24428738,24431438,(-10, 145),(-139, 7),30.0,31.0,3.456161623750671,0.0,1.0,1.0,556,15915.0,547,16739.0,29.61278162113819,0.8472317730846921,2375,70388.0,29.637052631578946,0.7228549422336329,0.0,0.0,39.0,1/1
1,DEL,75745093,75745361,(-10, 9),(-10, 9),30.0,30.0,0.9914317749612428,0.0,0.0,0.0,420,11915.0,420,12203.0,28.711904761904762,0.8972470238095238,208,5919.0,28.45673076923077,0.8892728365384616,0.0,0.0,30.0,1/1
18,DEL,12362138,12362578,(-2, 0),(-10, 9),22.0,27.0,0.9813516333870926,0.0,0.0,0.0,403,9106.0,420,10728.0,24.069195320808227,0.8299722524416628,389,9549.0,24.547557840616967,0.8464675117454127,0.0,0.0,28.0,1/1
5,DEL,178535923,178536613,(-10, 324),(-339, 9),21.0,20.0,5.517078918406567,1.0,0.0,5.0,735,15360.0,749,14060.0,19.834827388899484,0.7780762356863826,1,18.0,18.0,0.8181818181818182,0.0,0.0,21.0,1/1
9,DEL,24054596,24055867,(-3, 2),(-3, 1),19.0,18.0,1.008949602602836,1.0,0.0,0.0,406,7250.0,405,7137.0,17.73968253968254,0.8657256235827664,1225,21314.0,17.399183673469388,0.6691993720565149,0.0,0.0,23.0,1/1
3,DEL,146998899,147001781,(-10, 9),(-2, 0),27.0,26.0,1.0049584032219174,0.0,0.0,0.0,420,11066.0,403,9761.0,25.28423136003781,0.8876611262095133,2830,64928.0,22.942756183745583,0.5882757995832201,0.0,0.0,37.0,1/1
3,DEL,9030464,9030770,(-10, 9),(-1, 0),13.0,13.0,0.9150642359369601,0.0,0.0,0.0,420,5389.0,402,5586.0,13.363237384506041,0.7869539949064203,255,3195.0,12.529411764705882,0.7830882352941176,0.0,0.0,13.0,1/1
4,DEL,84916716,84916822,(-10, 9),(-10, 9),26.0,26.0,0.9507144710196784,1.0,0.0,0.0,420,10467.0,420,10338.0,24.767857142857142,0.8692206192821956,46,1126.0,24.47826086956522,0.9066022544283414,0.0,0.0,27.0,1/1
7,DEL,98562631,98562948,(-2, 0),(-2, 0),23.0,26.0,1.0667941600982551,0.0,0.0,0.0,403,9624.0,403,9510.0,23.739454094292803,0.8487398153694038,274,6727.0,24.55109489051095,0.8768248175182481,0.0,0.0,27.0,1/1
3,DEL,142902240,142902545,(-10, 9),(-10, 9),27.0,23.0,1.0329987780925884,1.0,1.0,0.0,420,10964.0,420,10152.0,25.13809523809524,0.7855654761904762,245,6523.0,26.624489795918368,0.8874829931972789,1.0,0.0,28.0,1/1
22,DEL,23346983,23347802,(-5, 9),(-10, 9),25.0,22.0,2.027320869039213,0.0,1.0,0.0,415,9698.0,420,9346.0,22.810527825588068,0.8606836380932766,759,17442.0,22.9802371541502,0.7924219708327654,0.0,0.0,27.0,1/1
10,DEL,13505390,13505710,(-2, 0),(-10, 9),33.0,34.0,1.037430219759134,0.0,0.0,0.0,403,12271.0,420,12981.0,30.67813718539525,0.8770472188048088,269,8212.0,30.527881040892193,0.8722251725969198,0.0,0.0,34.0,1/1
1,DEL,45432682,45432944,(-4, 2),(-3, 2),32.0,28.0,0.9736374424898381,0.0,0.0,0.0,407,12044.0,406,11231.0,28.627349584246137,0.8418745435986815,216,6275.0,29.050925925925927,0.8544389978213508,0.0,0.0,33.0,1/1
7,DEL,79832646,79835157,(-10, 9),(-10, 9),11.0,17.0,1.0017076296258758,0.0,1.0,0.0,420,4913.0,420,6797.0,13.94047619047619,0.8157978279030911,2451,39694.0,16.19502243982048,0.6228854784546339,0.0,0.0,20.0,1/1
9,DEL,30125946,30129873,(-3, 4),(-10, 9),21.0,23.0,1.0209828946508848,1.0,0.0,0.0,408,8489.0,420,9123.0,21.263900560224087,0.8505560224089637,3872,81846.0,21.137913223140497,0.5284478305785124,0.0,0.0,33.0,1/1
15,DEL,20348094,20350043,(-10, 9),(-3, 1),30.0,24.0,0.9701888265504621,1.0,0.0,1.0,420,12218.0,405,8964.0,25.61190476190476,0.8704677871148458,1896,48590.0,25.627637130801688,0.732218203737191,0.0,0.0,34.0,1/1
15,DEL,48647926,48648240,(-6, 9),(-10, 9),30.0,27.0,1.0322670227942952,0.0,0.0,0.0,416,11767.0,420,10653.0,26.825171703296704,0.8004035027472527,254,6625.0,26.08267716535433,0.8413766827533655,0.0,0.0,30.0,1/1
2,DEL,10043084,10045650,(-10, 274),(-222, 9),32.0,31.0,4.640162155480907,1.0,1.0,3.0,685,21734.0,632,19630.0,31.394296867781577,0.8049819709687583,2029,64571.0,31.824051256776738,0.6364810251355347,0.0,1.0,44.0,1/1
13,DEL,39832918,39838979,(-10, 186),(-220, 9),24.0,26.0,4.1429035340480675,0.0,0.0,1.0,597,14333.0,630,16035.0,24.73037808088059,0.8392432593072892,5614,154274.0,27.480228001425008,0.5725047500296877,0.0,0.0,39.0,1/1
5,DEL,53867345,53867616,(-10, 9),(-2, 0),27.0,24.0,1.0302543446529604,1.0,1.0,0.0,420,10379.0,403,9318.0,23.916746425617394,0.8266438150942759,219,5248.0,23.963470319634702,0.8558382257012394,0.0,0.0,27.0,1/1
1,DEL,61362909,61366264,(-3, 3),(-4, 1),32.0,32.0,1.0411847880302951,0.0,0.0,0.0,407,12849.0,406,12539.0,31.22713051161327,0.8808019014901862,3307,104334.0,31.549440580586634,0.5842488996404932,0.0,0.0,47.0,1/1
5,DEL,75599860,75600068,(-10, 9),(-1, 0),36.0,37.0,0.9570076378130012,0.0,0.0,0.0,420,14448.0,402,13633.0,34.156467661691536,0.875806863120296,157,5339.0,34.00636942675159,0.8949044585987261,0.0,0.0,37.0,1/1
1,DEL,84322209,84323615,(-10, 384),(-306, 9),27.0,27.0,6.809842547414923,0.0,2.0,1.0,795,22579.0,716,18333.0,27.003003232493587,0.8056162932031767,675,19657.0,29.12148148148148,0.832042328042328,0.0,1.0,30.0,1/1
4,DEL,115649980,115650294,(-10, 9),(-1, 0),23.0,22.0,1.0085448300139428,0.0,0.0,0.0,420,8856.0,402,8584.0,21.219474058280028,0.8499248264173638,263,5549.0,21.098859315589355,0.8439543726235741,0.0,0.0,23.0,1/1
