SV_Type,Called_Genotype,Spans_Left_Breakpoint,Spans_Right_Breakpoint,Clipped_By_Breakpoint,Mismatched_Over_SV,Coverage_Diff,Splitters,Reference_Splitters,Truth_Genotype
1,869423,1,DEL,1/1,0.0,0.0,45.0,0.0,54.4826087744137,25.0,0.0,12.045584538491113,0.07974137931034483,1/1
1,2566176,7,DEL,0/1,11.0,12.0,11.0,0.0,27.520898413583982,6.0,0.0,14.577646038172354,10.0,0/1
1,2911549,10,DEL,0/1,14.0,12.0,22.0,0.0,16.499121856226658,13.0,0.0,20.922947454844007,14.616,0/1
1,2919035,11,DEL,0/1,14.0,14.0,20.0,0.0,17.348438355048625,11.0,0.0,18.639285714285712,12.824175824175825,0/1
1,7570071,21,DEL,0/1,12.0,14.0,22.0,0.0,16.652304508967298,14.0,0.0,18.624756167527252,12.738010021474588,0/1
1,9595626,22,DEL,0/1,16.0,25.0,24.0,0.0,49.02717642790806,11.0,10.0,19.808565140462065,12.755255255255255,0/1
1,10482507,23,DEL,0/1,13.0,28.0,30.0,0.0,40.58152672901939,16.0,15.0,19.056616554956683,11.826484018264841,0/1
1,11682894,27,DEL,0/1,11.0,9.0,20.0,0.0,15.467977245988617,12.0,0.0,16.207142857142856,10.586497890295359,0/1
1,16151934,30,DEL,0/1,11.0,8.0,14.0,0.0,30.728893951939188,8.0,0.0,13.105010928961748,14.054545454545455,0/1
1,19151832,37,DEL,0/1,14.0,14.0,5.0,0.0,36.09107596464388,3.0,5.0,23.330302449005693,20.0,0/1
1,20931959,39,DEL,0/1,20.0,0.0,31.0,0.0,32.05601001646486,19.0,17.0,8.55809158066081,0.0,0/1
1,21786421,40,DEL,1/1,0.0,0.0,47.0,0.0,2.9262682730117526,25.0,0.0,11.740012715578434,0.0,1/1
1,25158704,49,DEL,1/1,0.0,1.0,58.0,0.0,20.42503266886155,35.0,0.0,18.4242673992674,3.52322206095791,1/1
1,26489824,54,DEL,1/1,0.0,0.0,43.0,0.0,5.393388062025414,26.0,0.0,11.58909026297086,0.0,1/1
1,28247808,55,DEL,1/1,1.0,5.0,34.0,10.0,14.770419202005524,17.0,2.0,17.887096774193548,5.594594594594595,1/1
1,31575081,59,DEL,0/1,15.0,13.0,26.0,1.0,44.12429606137345,12.0,0.0,18.500757657226096,12.73002915451895,0/1
1,58343224,61,DEL,0/1,8.0,8.0,16.0,0.0,11.326761587338007,10.0,0.0,12.908004926108374,7.984615384615385,0/1
1,35101422,64,DEL,0/1,15.0,18.0,22.0,0.0,31.299924665284895,14.0,0.0,22.041666666666664,12.97341844512195,0/1
1,35627082,65,DEL,0/1,20.0,13.0,39.0,0.0,51.22558508090114,22.0,33.0,22.158571611416868,15.0,0/1
1,37816474,71,DEL,1/1,0.0,0.0,37.0,0.0,6.180580546076583,22.0,0.0,10.313177138177139,0.0,1/1
1,38077350,72,DEL,1/1,0.0,0.0,3.0,16.0,5.197368557776497,1.0,0.0,18.07142857142857,0.9166666666666666,1/1
1,39998257,75,DEL,0/1,26.0,13.0,20.0,0.0,41.90316527682174,11.0,10.0,18.493352819807427,13.213818479149632,0/1
1,42743159,77,DEL,1/1,0.0,1.0,35.0,4.0,26.239402478906925,18.0,0.0,12.119852941176472,2.0,0/1
1,43857471,78,DEL,0/1,17.0,11.0,25.0,0.0,15.096391484974793,15.0,0.0,21.770603488920322,14.033333333333333,0/1
1,45417605,80,DEL,0/1,8.0,10.0,15.0,0.0,24.754588993634794,10.0,0.0,16.947446324007807,12.0,0/1
1,46207296,81,DEL,1/1,0.0,0.0,59.0,0.0,3.901878823766964,30.0,0.0,14.642144638403991,0.0,1/1
1,46366126,82,DEL,1/1,0.0,0.0,59.0,0.0,7.12615862455584,33.0,0.0,16.319859978730946,0.015384615384615385,1/1
1,53594100,87,DEL,0/1,11.0,10.0,23.0,0.0,14.108533345537264,11.0,0.0,15.706589430152649,9.881840796019901,0/1
1,53594100,89,DEL,0/1,11.0,10.0,29.0,0.0,26.369924011480656,14.0,0.0,14.79039227543601,13.248756218905474,0/1
1,53595129,90,DEL,0/1,11.0,10.0,24.0,0.0,14.58995696731505,11.0,0.0,16.37157001414427,10.60377358490566,0/1
1,56401294,96,DEL,1/1,0.0,0.0,43.0,0.0,1.609380024958908,25.0,0.0,11.866004962779156,0.0,1/1
1,56831125,97,DEL,0/1,14.0,14.0,17.0,0.0,20.260787076872543,9.0,0.0,17.452241732015004,10.694282689253573,0/1
1,56887712,98,DEL,1/1,0.0,0.0,36.0,0.0,5.23493562054967,20.0,0.0,9.693069833392414,0.0,1/1
1,57242626,100,DEL,1/1,0.0,0.0,46.0,0.0,1.8555159192376338,27.0,0.0,12.30450194966324,0.0,1/1
1,58743914,102,DEL,1/1,0.0,0.0,55.0,0.0,2.982693752061546,33.0,0.0,15.101420890937021,0.0,1/1
1,60048637,104,DEL,1/1,0.0,0.0,44.0,0.0,6.480526939111798,22.0,0.0,10.838550420168067,0.008238928939237899,1/1
1,62390603,107,DEL,0/1,13.0,0.0,20.0,0.0,9.103864968237735,11.0,0.0,16.407767562470532,9.957446808510639,0/1
1,63151836,108,DEL,1/1,0.0,0.0,36.0,0.0,2.8006294538391137,21.0,0.0,9.58560794044665,0.0,1/1
1,63705367,109,DEL,0/1,12.0,18.0,14.0,1.0,96.79941587372039,7.0,0.0,21.580610561056105,17.482594356907292,0/1
1,66024189,114,DEL,1/1,0.0,0.0,39.0,0.0,15.840920574562045,23.0,0.0,11.22568578553616,1.3083291935750951,1/1
1,66263922,115,DEL,0/1,12.0,14.0,40.0,0.0,35.84363588264273,20.0,0.0,24.273087698851665,7.0,0/1
1,67201223,116,DEL,1/1,0.0,0.0,49.0,0.0,6.702525581476948,30.0,0.0,14.160312893364502,0.0,1/1
1,68008000,117,DEL,0/1,21.0,0.0,43.0,0.0,36.6949303737373,23.0,21.0,14.284047921722717,4.280762564991335,1/1
1,69807002,118,DEL,1/1,0.0,0.0,55.0,0.0,2.0155961586721602,28.0,0.0,13.652439471753485,0.0,1/1
1,69943726,120,DEL,1/1,0.0,0.0,53.0,0.0,6.5930409381016375,30.0,0.0,14.47743293458267,0.07450980392156863,1/1
1,70027326,121,DEL,0/1,18.0,5.0,27.0,0.0,55.24261733568524,9.0,0.0,25.95266990291262,21.845394736842106,0/1
1,70768128,122,DEL,0/1,14.0,13.0,29.0,0.0,15.036776768379395,17.0,0.0,19.84319967078588,12.256704980842912,0/1
1,70946206,124,DEL,1/1,0.0,0.0,41.0,0.0,2.9811070172729432,26.0,0.0,12.015024134908582,0.0,1/1
1,71741333,125,DEL,1/1,0.0,0.0,36.0,0.0,5.833480431950764,24.0,0.0,11.208229426433917,0.0,1/1
1,72766325,126,DEL,1/1,0.0,0.0,47.0,0.0,2.97638035724931,24.0,0.0,11.097568829020442,0.032354558451556145,1/1
1,73753608,127,DEL,1/1,0.0,0.0,49.0,0.0,3.092078318693664,28.0,0.0,12.943163995908627,0.0,1/1
1,73768798,129,DEL,1/1,0.0,0.0,38.0,0.0,7.21504570091442,23.0,0.0,10.532122178896373,0.3041958041958042,1/1
1,74312433,130,DEL,1/1,0.0,0.0,38.0,0.0,9.413951203549491,23.0,0.0,11.052882024434876,0.28,1/1
1,74755171,131,DEL,1/1,0.0,0.0,1.0,12.0,5.653489363686527,2.0,0.0,15.544954507857733,1.1014492753623188,1/1
1,76011882,134,DEL,1/1,0.0,4.0,28.0,2.0,16.65608562826153,16.0,0.0,12.52999289267946,4.412878787878788,1/1
1,77100376,135,DEL,0/1,11.0,11.0,19.0,0.0,13.558353399439737,10.0,0.0,15.662698412698411,10.815315315315315,0/1
1,77240063,136,DEL,0/1,11.0,11.0,0.0,14.0,15.924953296571951,1.0,0.0,25.11576354679803,12.483870967741936,0/1
1,78649121,137,DEL,0/1,13.0,16.0,25.0,0.0,39.049088848689095,14.0,0.0,17.565019495504096,12.880094786729858,0/1
1,79401528,138,DEL,0/1,16.0,15.0,23.0,0.0,16.99905978642452,12.0,1.0,21.062125220458555,14.836653386454183,0/1
1,80114186,140,DEL,0/1,14.0,16.0,35.0,0.0,16.784531970222098,19.0,0.0,23.46276683087028,14.178571428571429,0/1
1,80221783,141,DEL,0/1,16.0,16.0,20.0,0.0,19.885479269893736,8.0,0.0,18.776820054945055,15.327150084317031,0/1
1,81404773,144,DEL,1/1,0.0,0.0,25.0,2.0,38.46630807317085,14.0,0.0,12.813348680080123,5.96297504485402,1/1
1,81687797,148,DEL,0/1,12.0,11.0,31.0,0.0,12.267902263897067,16.0,0.0,18.50199242146437,10.83941605839416,0/1
1,82963305,149,DEL,0/1,9.0,13.0,18.0,0.0,12.457218292092678,10.0,0.0,15.967528735632184,11.702702702702704,0/1
1,83042655,150,DEL,0/1,17.0,17.0,26.0,0.0,20.184740055993366,13.0,0.0,21.832528957528957,15.105058365758754,0/1
1,83125977,151,DEL,0/1,4.0,2.0,27.0,0.0,8.223485278331236,15.0,0.0,11.178206034889204,5.520752269779507,0/1
1,84517940,152,DEL,0/1,7.0,11.0,27.0,0.0,34.399946380626176,18.0,0.0,20.01155244914195,15.861257728849344,0/1
1,85748635,154,DEL,1/1,0.0,0.0,62.0,0.0,2.1589443009198086,37.0,0.0,17.409523809523808,0.0,1/1
1,86405806,156,DEL,0/1,11.0,10.0,33.0,0.0,11.96755813880865,19.0,0.0,18.987623762376238,9.450381679389313,0/1
1,86740987,157,DEL,0/1,11.0,7.0,30.0,0.0,42.37433015139153,14.0,0.0,15.628082431016416,10.375379939209726,0/1
1,89475925,159,DEL,0/1,26.0,20.0,21.0,0.0,49.935686362070484,12.0,8.0,24.31375849959886,18.214315789473684,0/1
1,91624788,163,DEL,1/1,0.0,0.0,35.0,0.0,5.329175011249394,21.0,0.0,10.173809523809524,0.04807692307692308,1/1
1,91914112,165,DEL,1/1,0.0,3.0,49.0,0.0,8.620919915962537,27.0,0.0,16.318409547441806,2.8431876606683804,1/1
1,92134195,166,DEL,0/1,16.0,14.0,35.0,0.0,40.78138452983554,18.0,28.0,10.874295886578931,0.0,0/1
1,92232064,168,DEL,0/1,10.0,12.0,15.0,0.0,18.686891426218807,8.0,0.0,15.034424983275558,10.914285714285715,0/1
1,94288376,174,DEL,1/1,0.0,0.0,41.0,0.0,4.961647039392822,23.0,0.0,10.346310410020088,0.053003533568904596,1/1
1,95690525,178,DEL,0/1,19.0,0.0,30.0,3.0,32.15730437105316,20.0,19.0,19.31252665245203,17.15686274509804,1/1
1,99179945,179,DEL,0/1,15.0,14.0,0.0,11.0,16.090834946388675,0.0,0.0,22.264285714285712,14.173913043478262,0/1
1,103047693,184,DEL,1/1,0.0,0.0,61.0,0.0,6.794877926502086,32.0,0.0,15.745657568238212,0.9087591240875912,1/1
1,103096081,185,DEL,1/1,0.0,0.0,59.0,0.0,11.236056828825905,37.0,0.0,17.733333333333334,0.9142857142857143,1/1
1,105218644,186,DEL,0/1,11.0,13.0,23.0,0.0,21.961059082492405,13.0,0.0,17.642240390131956,11.30657894736842,0/1
1,105428321,187,DEL,1/1,0.0,0.0,31.0,0.0,15.261757075395723,19.0,0.0,10.419402103273072,0.4275092936802974,1/1
1,105866784,188,DEL,0/1,13.0,12.0,29.0,0.0,19.42596119148913,16.0,0.0,20.335169024824197,12.032407407407407,0/1
1,108402975,191,DEL,0/1,18.0,17.0,25.0,0.0,24.38467260678455,14.0,0.0,23.15833333333333,16.341901264789882,0/1
1,108733327,193,DEL,0/1,10.0,11.0,15.0,0.0,22.34987609465989,10.0,0.0,14.765756302521009,10.553862051149574,0/1
1,109573233,195,DEL,0/1,12.0,14.0,33.0,0.0,28.072096952791163,15.0,0.0,21.146693121693122,15.668776371308017,0/1
1,109597728,196,DEL,1/1,0.0,0.0,16.0,5.0,11.085130580073372,8.0,0.0,7.719585622710623,2.122047244094488,0/1
1,112835106,199,DEL,1/1,0.0,1.0,60.0,0.0,8.21460276340801,23.0,0.0,10.957248452369953,0.9204545454545454,1/1
1,114039831,200,DEL,0/1,12.0,3.0,33.0,0.0,65.82947957592269,20.0,1.0,17.318796362766214,14.021743036837377,0/1
1,115796903,204,DEL,1/1,0.0,0.0,42.0,0.0,1.6611721557207617,23.0,0.0,10.774107881365946,0.0,1/1
1,116229487,205,DEL,0/1,16.0,14.0,31.0,0.0,26.147101679445413,18.0,0.0,22.601278730589073,12.59570607801633,0/1
1,118091052,207,DEL,1/1,0.0,0.0,50.0,0.0,6.01097917160719,33.0,0.0,15.150568585643214,0.0,1/1
1,233962213,210,DEL,1/1,0.0,0.0,49.0,0.0,31.688046747952907,25.0,0.0,8.597998137802607,0.0,0/1
1,232423134,213,DEL,1/1,0.0,0.0,51.0,0.0,6.460250878309901,28.0,0.0,13.666684434968017,0.06463878326996197,1/1
11,109474035,None,DEL,0/0,20.0,17.0,1.0,0.0,23.37152253508459,0.0,0.0,18.36969952385177,17.982721382289416,0/0
10,87770601,None,DEL,0/0,27.0,28.0,1.0,0.0,35.1815920785074,0.0,0.0,26.556548422337897,25.0,0/0
3,162702824,None,DEL,0/0,19.0,21.0,0.0,0.0,25.118800564381058,0.0,0.0,19.32807881773399,19.417670682730925,0/0
X,56528546,None,DEL,0/0,33.0,36.0,1.0,0.0,42.489999745433366,0.0,0.0,33.025,33.36029411764706,0/0
Y,25706429,None,DEL,1/1,0.0,0.0,0.0,0.0,0.0,0.0,0.0,0.0,0.0,0/0
2,28441628,None,DEL,0/0,28.0,22.0,0.0,0.0,38.247486060275165,0.0,0.0,23.722551159519078,22.925619834710744,0/0
20,24240933,None,DEL,0/0,29.0,31.0,0.0,0.0,38.54032388474618,0.0,0.0,28.83690763204288,29.914634146341463,0/0
8,5029255,None,DEL,0/0,28.0,31.0,0.0,0.0,29.553255807374224,0.0,0.0,28.151190476190475,27.81779661016949,0/0
15,58900318,None,DEL,0/0,27.0,31.0,0.0,0.0,46.711479521714004,0.0,0.0,27.809612021857923,27.437343805783648,0/0
7,21492855,None,DEL,0/0,26.0,25.0,1.0,0.0,31.287533183061047,0.0,0.0,25.445567171814055,23.0,0/0
11,120370734,None,DEL,0/0,25.0,24.0,0.0,0.0,33.89090213864974,0.0,0.0,24.19633685025874,21.96629213483146,0/0
19,34852696,None,DEL,0/0,21.0,22.0,0.0,0.0,25.913642269916227,0.0,0.0,20.703319630137155,20.785087719298247,0/0
18,49415001,None,DEL,0/0,20.0,29.0,0.0,0.0,42.84607343785578,0.0,0.0,24.160640434833986,23.02141560798548,0/0
12,64376079,None,DEL,0/0,35.0,36.0,0.0,0.0,43.1833043530027,0.0,0.0,34.31151385927505,35.125,0/0
6,111960641,None,DEL,0/0,24.0,26.0,0.0,0.0,25.480062543906985,0.0,0.0,23.564516129032256,23.058139534883722,0/0
1,11912235,None,DEL,0/0,26.0,22.0,0.0,0.0,34.84472928459147,0.0,0.0,22.93287156976801,23.65810968494749,0/0
13,111372929,None,DEL,0/0,35.0,36.0,0.0,0.0,39.78352380754982,0.0,0.0,34.30311986863711,34.62934362934363,0/0
2,148706045,None,DEL,0/0,27.0,36.0,2.0,0.0,79.89555234310458,0.0,0.0,32.04523809523809,32.46664760815704,0/0
9,9414214,None,DEL,0/0,32.0,34.0,0.0,0.0,35.00353602103393,0.0,0.0,30.881671573019325,29.0,0/0
15,64443918,None,DEL,0/0,22.0,24.0,0.0,0.0,32.880137191699944,0.0,0.0,23.44200304200304,23.005102040816325,0/0
7,118419417,None,DEL,0/0,22.0,22.0,0.0,0.0,21.58663533926376,0.0,0.0,21.167857142857144,20.363636363636363,0/0
5,26976012,None,DEL,0/0,35.0,25.0,1.0,1.0,48.07215499285398,1.0,1.0,29.033600412654746,29.863394683026584,0/0
6,50380435,None,DEL,0/0,32.0,34.0,1.0,0.0,40.85403082953671,0.0,0.0,31.770588235294117,32.0,0/0
7,119368406,None,DEL,0/0,23.0,23.0,1.0,0.0,26.805546008750753,0.0,0.0,22.749469589816123,22.695167286245354,0/0
12,99407962,None,DEL,0/0,32.0,35.0,0.0,0.0,39.83301854698949,0.0,0.0,33.08632540198903,33.0,0/0
8,6346049,None,DEL,0/0,28.0,27.0,0.0,0.0,32.01214241498876,0.0,0.0,25.97007481296758,25.740458015267176,0/0
18,32992269,None,DEL,0/0,22.0,24.0,0.0,0.0,29.256933638019273,0.0,0.0,22.52836464610658,22.00772200772201,0/0
4,67286176,None,DEL,0/0,35.0,33.0,0.0,0.0,40.006750753206916,0.0,0.0,32.78942407103327,33.66002490660025,0/0
2,225527867,None,DEL,0/0,27.0,32.0,0.0,0.0,37.48072211224987,0.0,0.0,28.62058629804075,29.509933774834437,0/0
5,63707606,None,DEL,0/0,15.0,16.0,69.0,0.0,93.93050155169512,0.0,0.0,21.793375766148046,27.48936170212766,0/0
11,5802629,None,DEL,0/0,26.0,24.0,0.0,0.0,28.276044763773335,0.0,0.0,23.71588089330025,23.524344569288388,0/0
14,36938725,None,DEL,0/0,33.0,25.0,0.0,0.0,45.281691146522185,0.0,0.0,27.533753835663145,24.482128673550438,0/0
4,172547507,None,DEL,0/0,26.0,28.0,0.0,0.0,31.6879515242808,0.0,0.0,26.501293867422902,26.57421875,0/0
11,10445295,None,DEL,0/0,39.0,39.0,3.0,0.0,47.73763142192514,0.0,0.0,37.41470223325062,36.657992565055764,0/0
17,9357435,None,DEL,0/0,29.0,29.0,0.0,0.0,39.274252619510676,0.0,0.0,28.51734609476545,28.569428238039674,0/0
16,592720,None,DEL,0/0,29.0,29.0,5.0,1.0,40.62863608283078,1.0,1.0,27.714915966386556,26.991752577319588,0/0
3,177429927,None,DEL,0/0,26.0,25.0,0.0,0.0,30.31720678140714,0.0,0.0,23.62290193305045,24.444839857651246,0/0
3,147950869,None,DEL,0/0,19.0,16.0,0.0,0.0,20.083097083247907,0.0,0.0,17.121588089330025,17.189285714285713,0/0
15,41318872,None,DEL,0/0,29.0,32.0,1.0,0.0,51.288484826970205,0.0,0.0,29.92521216407355,29.316715542521994,0/0
2,86531985,None,DEL,0/0,25.0,26.0,0.0,0.0,47.78680955776076,0.0,0.0,24.47007481296758,27.335872805564758,0/0
10,134911348,None,DEL,0/0,23.0,25.0,0.0,0.0,28.14505647025052,0.0,0.0,22.705196645859672,21.0,0/0
13,78650230,None,DEL,0/0,29.0,29.0,1.0,0.0,38.47623095766267,0.0,0.0,28.475711802433615,28.134328358208954,0/0
10,103819752,None,DEL,0/0,20.0,20.0,1.0,0.0,33.12517591942515,2.0,0.0,20.895683577949846,21.25173611111111,0/0
8,38709726,None,DEL,0/0,33.0,35.0,0.0,0.0,38.796798243430615,0.0,0.0,32.36470408412815,32.0,0/0
10,128925531,None,DEL,0/0,26.0,24.0,0.0,0.0,28.40411872223093,0.0,0.0,24.17280532819772,24.263779527559056,0/0
13,102113963,None,DEL,0/0,27.0,27.0,0.0,0.0,32.1879804093576,0.0,0.0,25.990291262135923,25.752475247524753,0/0
12,113795282,None,DEL,0/0,20.0,19.0,1.0,0.0,26.16398083882683,1.0,0.0,20.04624732210939,19.16923076923077,0/0
3,23473340,None,DEL,0/0,23.0,24.0,0.0,0.0,27.953206241853763,0.0,0.0,23.29976050269743,23.615384615384617,0/0
8,68875711,None,DEL,0/0,31.0,32.0,0.0,0.0,34.039306731445684,0.0,0.0,29.561097256857856,28.6640625,0/0
8,109882977,None,DEL,0/0,19.0,30.0,7.0,0.0,67.53841100683462,0.0,0.0,26.72792744889519,25.87966303008974,0/0
10,37128779,None,DEL,0/0,18.0,21.0,0.0,0.0,24.98525261023125,0.0,0.0,19.691104102738947,20.080321285140563,0/0
11,88217237,None,DEL,0/0,29.0,35.0,0.0,0.0,34.963980833470366,0.0,0.0,31.23850880302493,31.87017543859649,0/0
3,197440203,None,DEL,0/0,25.0,28.0,0.0,0.0,30.701210681595807,0.0,0.0,25.405369632292413,25.185929648241206,0/0
16,30843989,None,DEL,0/0,37.0,36.0,1.0,0.0,41.56074967022185,1.0,1.0,35.693823112371504,33.838235294117645,0/0
17,1623754,None,DEL,0/0,42.0,37.0,0.0,0.0,47.639633744824,0.0,0.0,37.645167022032695,38.38783269961977,0/0
1,30266957,None,DEL,0/0,22.0,22.0,1.0,0.0,28.47170842056436,0.0,0.0,21.888139329805995,21.95475113122172,0/0
1,70958538,None,DEL,0/0,34.0,34.0,1.0,0.0,39.75983880279892,0.0,0.0,33.91748768472907,34.43333333333333,0/0
5,151052996,None,DEL,0/0,27.0,26.0,1.0,0.0,49.59065779599126,0.0,0.0,25.499928383862496,23.64685395867193,0/0
11,15113336,None,DEL,0/0,38.0,39.0,2.0,0.0,42.59064672048369,0.0,0.0,36.57283950617284,36.45816733067729,0/0
14,63588078,None,DEL,0/0,44.0,47.0,1.0,0.0,54.843050188551004,0.0,0.0,44.662356321839084,44.01593625498008,0/0
7,5648737,None,DEL,0/0,23.0,26.0,2.0,0.0,29.138770640894943,0.0,0.0,25.178216575091575,24.763912310286678,0/0
6,151126026,None,DEL,0/0,32.0,26.0,2.0,3.0,55.609410565684406,0.0,0.0,26.80894795061138,24.189070146818924,0/0
2,19816251,None,DEL,0/0,30.0,32.0,0.0,0.0,34.42042719482156,0.0,0.0,29.640823248991566,29.655677655677657,0/0
7,3083190,None,DEL,0/0,21.0,21.0,2.0,0.0,28.62320027656528,1.0,0.0,20.978694581280788,20.8062015503876,0/0
4,80344324,None,DEL,0/0,33.0,33.0,0.0,0.0,36.492819706333044,0.0,0.0,31.29060489060489,31.875,0/0
5,143104608,None,DEL,0/0,22.0,22.0,0.0,0.0,31.200960221789774,0.0,0.0,21.796275341819896,21.08111615833874,0/0
8,8357112,None,DEL,0/0,34.0,29.0,0.0,0.0,64.55848477879992,0.0,0.0,31.17433231048983,28.984615384615385,0/0
9,8312620,None,DEL,0/0,23.0,25.0,0.0,0.0,30.87863217493263,0.0,0.0,24.67857142857143,24.47265625,0/0
X,137868975,None,DEL,0/0,22.0,22.0,1.0,0.0,24.692191070613582,0.0,0.0,20.77408062234795,20.007662835249043,0/0
X,138855982,None,DEL,0/0,21.0,20.0,0.0,0.0,23.963356739787137,0.0,0.0,19.83535626964722,20.035007610350075,0/0
15,24428739,None,DEL,0/0,29.0,32.0,1.0,0.0,51.953856993900786,0.0,0.0,29.614580182289266,29.636899747262007,0/0
1,75745094,None,DEL,0/0,30.0,31.0,0.0,0.0,32.613062312524846,0.0,0.0,28.71904761904762,28.468599033816425,0/0
18,12362139,None,DEL,0/0,22.0,27.0,0.0,0.0,29.67797688703737,0.0,0.0,24.07539879475363,24.554123711340207,0/0
5,178535924,None,DEL,0/0,23.0,18.0,1.0,0.0,24.553722991621214,0.0,0.0,19.830065484137577,18.0,0/0
9,24054597,None,DEL,0/0,19.0,18.0,1.0,0.0,26.05607288693208,0.0,0.0,17.738451012588946,17.397058823529413,0/0
3,146998900,None,DEL,0/0,27.0,26.0,0.0,0.0,38.393177296932954,0.0,0.0,25.285421836228288,22.944149876281372,0/0
3,9030465,None,DEL,0/0,13.0,13.0,0.0,0.0,18.282808551572973,0.0,0.0,13.359665955934613,12.531496062992126,0/0
4,84916717,None,DEL,0/0,26.0,26.0,1.0,0.0,27.61802084579841,0.0,0.0,24.758333333333333,24.488888888888887,0/0
7,98562632,None,DEL,0/0,23.0,26.0,0.0,0.0,30.977057424840684,0.0,0.0,23.744416873449133,24.542124542124544,0/0
3,142902241,None,DEL,0/0,26.0,23.0,2.0,0.0,34.53504639236284,1.0,1.0,25.13809523809524,26.635245901639344,0/0
22,23346984,None,DEL,0/0,25.0,22.0,1.0,0.0,53.93782322383573,0.0,0.0,22.809323006310958,22.977572559366756,0/0
10,13505391,None,DEL,0/0,33.0,34.0,0.0,0.0,38.18569331138481,0.0,0.0,30.67813718539525,30.51865671641791,0/0
1,45432683,None,DEL,0/0,32.0,28.0,0.0,0.0,34.19102990140407,0.0,0.0,28.619978576875127,29.046511627906977,0/0
7,79832647,None,DEL,0/0,11.0,17.0,1.0,0.0,23.867619815259474,0.0,0.0,13.945238095238096,16.196734693877552,0/0
9,30125947,None,DEL,0/0,21.0,23.0,1.0,0.0,37.55760191769299,0.0,0.0,21.261449579831933,21.137690519245673,0/0
15,20348095,None,DEL,0/0,30.0,24.0,1.0,0.0,35.924974048700086,0.0,0.0,25.61547619047619,25.62532981530343,0/0
15,48647927,None,DEL,0/0,30.0,27.0,0.0,0.0,37.1204257491934,0.0,0.0,26.82036401098901,26.110671936758894,0/0
2,10043085,None,DEL,0/0,31.0,33.0,1.0,1.0,52.684546754785146,1.0,2.0,31.389917305737782,31.822978303747533,0/0
13,39832919,None,DEL,0/0,25.0,26.0,0.0,0.0,45.94858072882227,0.0,0.0,24.737078248384783,27.48084803135578,0/0
5,53867346,None,DEL,0/0,27.0,24.0,2.0,0.0,30.846366592950762,0.0,0.0,23.916746425617394,23.94954128440367,0/0
1,61362910,None,DEL,0/0,33.0,32.0,0.0,0.0,50.612932808416744,0.0,0.0,31.217302501785262,31.549001814882033,0/0
5,75599861,None,DEL,0/0,36.0,37.0,0.0,0.0,38.70174623730378,0.0,0.0,34.15289623312012,33.98717948717949,0/0
1,84322210,None,DEL,0/0,27.0,26.0,1.0,1.0,37.88347771051958,1.0,1.0,27.004261094128807,29.118694362017806,0/0
4,115649981,None,DEL,0/0,23.0,22.0,0.0,0.0,26.12802763867839,0.0,0.0,21.223045486851454,21.106870229007633,0/0
